,Provenance,2022,2022,2021,2021,2020,2020,2019,2019,2018,2018,2017,2017,2016,2016,2015,2015,2014,2014,2013,2013,2012,2012,2011,2011,2010,2010,2009,2009,2008,2008,2007,2007,2006,2006,2005,2005,2004,2004,2003,2003,2002,2002,2001,2001,2000,2000,1999,1999,1998,1998,1997,1997,1996,1996,1995,1995,1994,1994,1993,1993
,,Valeur,Poids,Valeur,Poids,Valeur,Poids,Valeur,Poids,Valeur,Poids,Valeur,Poids,Valeur,Poids,Valeur,Poids,Valeur,Poids,Valeur,Poids,Valeur,Poids,Valeur,Poids,Valeur,Poids,Valeur,Poids,Valeur,Poids,Valeur,Poids,Valeur,Poids,Valeur,Poids,Valeur,Poids,Valeur,Poids,Valeur,Poids,Valeur,Poids,Valeur,Poids,Valeur,Poids,Valeur,Poids,Valeur,Poids,Valeur,Poids,Valeur,Poids,Valeur,Poids,Valeur,Poids
1,Afrique du Sud,,,827715.0,44.5,1552333.0,606.0,2634775.0,11099.0,,,,,,,96651.0,14.0,,,,,11336350.0,15510.0,,,165869.0,33.0,,,,,,,,,,,,,,,,,8003435.0,15235.0,1296726.0,0.0,,,,,,,,,,,,,,
2,Cameroun,,,,,,,,,,,,,,,614160.0,485.0,,,,,,,,,,,,,,,,,,,,,,,,,,,,,,,,,,,,,,,,,,,1956450.0,1.0
3,Comores,,,,,,,,,,,,,,,,,,,,,,,,,799986.0,1008.0,,,,,,,,,,,,,,,,,,,,,,,,,,,,,,,,,,
4,Congo,,,,,,,,,,,,,,,,,,,29236.0,5.0,,,,,,,,,,,,,,,,,,,,,,,,,,,,,,,,,,,,,,,,
5,Gabon,,,,,,,,,,,,,,,,,,,,,,,1946000.0,0.0,,,6805489.0,19553.0,1485552.0,1046.0,1909200.0,500.0,,,,,44419.0,72.0,100000.0,40.0,,,,,,,,,,,97200.0,132.0,,,,,,,,
6,Madagascar,4651841.0,11890.0,9705096.0,20004.0,12526666.0,37000.0,17749738.0,39160.0,19111415.0,40120.0,18157253.0,39650.0,20524760.0,40000.0,,,,,17302850.0,40550.0,,,3695650.0,19000.0,282370.0,3.0,1406505.0,5.0,20304529.0,34674.0,4243717.0,18930.0,7572792.0,34500.0,1985040.0,16000.0,2018848.0,16000.0,,,1639575.0,15000.0,2304050.0,15000.0,,,4350890.0,25000.0,228280.0,265.0,,,,,,,,,,
7,Maurice,,,,,,,,,357992.0,138.0,,,4450753.0,18093.0,3648289.0,16920.0,,,,,,,,,1139000.0,4.0,35799.0,17.0,67447434.0,16020.0,,,,,,,,,,,,,100000.0,0.0,,,,,368950.0,2.0,,,,,,,,,,
8,Mayotte,240628.0,31.0,563069.0,83.0,529818.0,170.5,,,,,,,,,2481230.0,1246.0,,,,,,,,,,,,,,,,,29833.0,9.0,,,,,,,,,,,,,,,,,,,,,,,1499980.0,1413.0,,
9,Namibie,,,,,,,,,958.0,3.0,,,,,,,,,,,,,,,,,,,,,,,,,,,,,,,,,,,,,,,,,,,,,,,,,,
10,Réunion,2606695.0,2600.042,13331845.0,4435.634,6977232.0,6523.674999999999,1225138.0,309.0,,,11718479.0,9114.0,793545.0,1453.0,6270862.0,6714.0,4176550.0,3060.0,1552550.0,3629.0,4640505.0,5624.0,1348429.0,1237.0,10905653.0,12489.0,4914699.0,2768.0,296590.0,13.0,658357.0,938.0,7190938.0,10093.0,4446727.0,3134.0,8931175.0,6332.0,3862715.0,2128.0,348756039.0,205215.0,19555756.0,27823.0,8689439.0,15283.0,1338000.0,4.0,,,299900.0,342.0,,,,,,,35776430.0,12575.0
11,Algérie,,,,,,,59784.0,1.0,,,,,,,,,29594.0,1.0,,,,,,,,,,,,,,,,,,,,,,,,,,,,,,,,,,,,,,,,,,
12,Burkina Faso,,,,,,,,,,,,,,,,,,,,,,,,,,,,,174896.0,6.0,,,,,,,,,,,,,,,,,,,,,,,,,,,,,,
13,Bénin,,,,,,,,,151549.0,2.0,,,,,,,,,,,,,,,125297.0,258.0,,,,,,,,,,,,,,,,,,,,,,,,,,,,,,,,,,
14,Côte d'Ivoire,,,,,,,,,179990.0,1.0,,,,,3400798.0,80.0,,,,,,,,,,,,,,,,,,,329709.0,15.0,,,,,,,,,,,,,,,450000.0,50.0,,,,,,,7590.0,58.0
15,Ghana,,,,,162490.0,0.8,,,,,,,117650.0,1.0,144478.0,1.0,,,,,,,,,,,,,,,,,,,,,,,,,,,,,,,,,,,,,,,,,,,,
16,Guinée,,,,,,,,,,,,,,,,,,,,,,,,,,,,,,,15579.0,2.0,,,,,,,,,,,,,,,,,,,,,,,,,,,,
17,Libye,,,,,,,,,,,,,,,,,,,276241.0,342.0,,,,,,,,,,,,,,,,,,,,,,,,,,,,,,,,,,,,,,,,
18,Mali,,,,,,,,,,,,,,,,,,,,,,,,,,,,,160259.0,4.0,,,,,,,,,,,,,,,,,,,,,,,,,,,,,,
19,Maroc,,,33501.0,2.0,,,,,,,,,,,,,,,,,2370888.0,7886.0,8532214.0,45000.0,8108896.0,17666.0,119330.0,345.0,,,,,,,,,,,,,,,,,105065.0,95.0,2242401.0,896.0,272720.0,163.0,,,,,871990.0,1000.0,,,,
20,Mauritanie,,,,,,,,,,,175400.0,1.0,,,,,,,,,,,,,,,,,,,,,,,,,,,,,,,,,,,,,,,,,,,,,,,,
21,Nigeria,,,185990.0,1.0,179989.0,0.5,,,,,,,,,,,,,78350.0,198.0,,,,,,,2152850.0,16070.0,,,,,,,59098.0,1.0,137700.0,2.0,,,121110.0,1.0,,,,,,,,,,,,,,,,,,
22,Sierra Leone,,,,,,,,,,,,,,,,,,,,,,,417371.0,48.0,,,,,,,,,,,,,,,,,,,,,,,,,,,,,,,,,,,,
23,Sénégal,1346059.0,7680.0,,,,,,,,,,,,,,,,,,,,,,,,,,,,,1372295.0,1150.0,52000.0,1.0,121552.0,1.0,,,,,,,,,,,,,,,,,,,,,,,,
24,Togo,27193.0,30.0,,,63554.0,22.0,,,,,,,81144.0,210.0,,,,,,,,,,,,,,,,,,,,,,,,,,,,,,,,,,,,,,,,,1225010.0,1130.0,,,,
25,Tunisie,,,,,,,,,,,,,,,,,,,139000.0,4.0,,,,,,,,,,,,,,,,,,,,,,,,,,,,,,,,,,,,,,,,
26,Anguilla,,,,,,,,,,,,,,,,,,,,,,,,,,,,,12167184.0,4.0,,,,,,,,,,,,,,,,,,,,,,,,,,,,,,
27,Antigua et Barbuda,,,514200.0,605.0,,,,,,,,,,,,,,,,,,,,,,,,,,,,,,,,,,,,,,,,,,,,,,,,,,,,,,,,
28,Antilles Néerlandaises,,,,,,,,,,,,,,,,,,,,,,,1843.0,126.0,,,212800.0,0.0,49461143.0,51.0,18373462.0,23.0,754762.0,0.0,11156159.0,3.0,,,26729000.0,9500.0,7723783.0,19.0,,,25895.0,1.0,102310.0,48.0,54409030.0,17000.0,,,,,346010.0,95.0,414660.0,195.0,,
29,Argentine,,,,,58747.0,0.5,54900.0,1.0,50715.0,1.0,,,,,616985.0,147.0,87780.0,160.0,99700.0,0.0,,,1358.0,28.0,,,,,,,,,,,31102.0,0.0,546850.0,343.0,,,,,,,663000.0,13.0,,,,,676620.0,486.0,169100.0,190.0,,,,,548180.0,44.0
30,Aruba,,,,,,,,,,,,,,,,,,,,,,,,,,,,,,,,,,,,,,,,,,,,,,,,,,,,,,,984780.0,2.0,,,625000.0,1.0
31,Bahamas,,,,,,,,,,,,,,,,,,,,,,,51800.0,0.0,,,,,,,,,,,,,,,,,,,,,1786107.0,2.0,,,,,,,259730.0,110.0,,,,,,
32,Barbade,,,,,,,,,1443491.0,59.0,,,,,,,,,,,,,,,,,,,,,,,,,,,,,,,,,,,,,,,,,,,,,,,,,,
33,Belize,,,,,,,,,,,,,,,,,,,,,,,,,,,,,,,,,,,,,,,,,,,94683.0,1.0,,,,,,,,,,,,,,,,
34,Bolivie,,,26498.0,0.5,,,,,,,,,,,,,,,,,23028.0,1.0,,,,,,,,,,,,,,,,,,,,,,,,,,,,,,,,,,,,,,
35,Brésil,4231725.0,1007.542,10644258.0,77.0,1923142.0,260.0,8619194.0,3391.0,3623779.0,184.0,4552954.0,332.0,1928970.0,55.0,1654857.0,92.0,18540268.0,105724.0,2352633.0,1257.0,7077699.0,4936.0,16152410.0,42748.0,5508993.0,1186.0,2113670.0,3201.0,1610800.0,0.0,732884.0,1.0,444038.0,2.0,1901290.0,25.0,4692000.0,5.0,3062900.0,5.0,3896353.0,1.0,778322.0,1.0,,,752000.0,1.0,554470.0,329.0,,,3648650.0,34.0,,,,,,
36,Chili,21575539.0,10310.869999999997,4715737.0,1455.9509999999996,73454546.0,38859.696,100084281.0,69470.53000000006,155721422.0,98225.0,161944070.0,104489.0,95021960.0,78700.0,49710106.0,44204.0,40023580.0,36509.0,37493868.0,42556.0,43083798.0,69966.0,19354100.0,25635.0,9303486.0,14038.0,10725894.0,14820.0,5306995.0,8005.0,28686061.0,7228.0,4603509.0,5512.0,5781360.0,2835.0,5592149.0,5946.0,12236904.0,14737.0,9770493.0,4207.0,8076526.0,4254.0,9258723.0,13871.0,3878940.0,8975.0,5039455.0,3058.0,942950.0,1869.0,1632660.0,2315.0,7530460.0,3561.0,6241970.0,2236.0,3081050.0,3217.0
37,Colombie,,,,,,,,,,,260000.0,1.0,200000.0,0.0,,,722797709.0,11765.0,591944010.0,11783.0,250000.0,0.0,,,,,,,,,,,,,,,,,,,,,,,,,,,,,,,,,,,,,,
38,Costa Rica,82431.0,0.5,23866.0,3.0,,,,,,,,,,,,,6681.0,84.0,,,,,,,,,,,,,,,,,,,,,,,1211740.0,129.0,,,,,,,,,,,,,,,,,,
39,Cuba,,,,,,,,,,,,,,,,,,,26397.0,28.0,,,,,,,,,,,,,18854.0,3.0,,,,,,,64409.0,500.0,,,,,,,,,,,,,,,,,,
40,Dominique,,,,,,,,,,,,,,,,,,,,,,,,,,,,,,,,,,,56085100.0,7000.0,,,,,,,,,,,,,,,,,,,,,,,,
41,El Salvador,1605000.0,135.0,,,,,,,,,,,,,,,,,,,,,,,,,,,,,,,,,,,,,,,,,,,,,,,,,,,,,,,,,,
42,Equateur,,,68077350.0,27130.0,,,,,5718812.0,34976.0,1683850.0,74.0,,,,,25059300.0,65315.0,5493.0,3.0,,,,,,,,,,,107024.0,9.0,,,,,,,,,,,,,,,,,,,,,,,,,,,,
43,Grenade,,,,,,,,,,,,,,,,,,,,,,,,,,,,,,,,,,,,,,,,,,,,,,,,,,,13652000.0,14.0,,,,,,,,
44,Guadeloupe,3583479.0,16.267,7835617.0,1707.48,3099748.0,63.0,1056.0,9.0,418548185.0,306001.0,2629593.0,21.0,9873944.0,109.0,2189099.0,8.0,3235086.0,9.0,6302827.0,21.0,7933788.0,20.0,10881633.0,2143.0,15175523.0,2380.0,3288507.0,1633.0,2506241.0,463.0,4531670.0,2.0,7343092.0,1234.0,1783068.0,701.0,5348971.0,422.0,106200000.0,40000.0,77570011.0,27120.0,7556913.0,1363.0,1091520.0,5.0,10509543.0,899.0,7568420.0,3335.0,4296359.0,152.0,1597530.0,3.0,225043860.0,8927.0,598480.0,3.0,2484010.0,3097.0
45,Guatemala,,,,,,,,,,,,,,,,,,,,,238660.0,5.0,,,,,,,,,,,,,,,,,,,,,,,,,,,,,,,,,,,,,,
46,Guyana,,,,,,,28300.0,8.5,134604.0,1.0,1341771.0,300.0,420886.0,20.0,,,,,,,,,,,,,,,,,,,823377.0,561.0,,,,,,,223147.0,15.0,,,148300.0,30.0,,,,,,,,,,,,,,
47,Guyane Française,,,,,843696.0,1952.0,6517822.0,2172.499999999999,548918.0,950.0,,,3226177.0,92.0,2163467.0,2715.0,429103.0,260.0,737609.0,2452.0,,,157924550.0,10575.0,,,2863920.0,2410.0,,,,,1749163.0,1887.0,4237925.0,4273.0,596650.0,26.0,,,181917.0,220.0,340000000.0,330000.0,545762.0,1715.0,1600000.0,2.0,,,,,300000.0,1.0,416490.0,136.0,,,,
48,Haïti,,,,,,,,,,,215000.0,3.0,,,,,23866.0,6.0,,,,,,,,,,,,,,,,,,,,,,,,,,,,,,,,,,,,,,,,,,
49,Honduras,,,,,,,,,,,,,,,,,,,,,,,,,,,,,,,,,,,20000.0,111.0,,,,,,,,,,,,,,,,,,,,,,,,
50,Iles Cayman,,,,,300000.0,2.0,,,,,,,,,,,,,436800.0,1.0,,,,,,,,,,,,,,,,,,,,,,,,,,,,,,,,,,,,,,,,
51,Iles Turks et Caïques,,,,,,,,,,,,,,,,,,,,,,,,,,,,,,,,,162446.0,19.0,,,,,,,,,,,,,,,,,,,,,,,,,,
52,Iles Vierges Britanniques,,,,,,,,,,,,,,,353020.0,205.0,,,7293.0,2.0,,,,,,,,,,,,,,,,,,,,,,,,,,,,,,,,,,,,,,,,
53,Iles Vierges des Etats-Unis,,,,,,,,,,,,,,,,,,,,,,,,,,,,,,,,,,,,,,,,,,,,,,,,,,,843400.0,64.0,,,,,,,1000000.0,1.0
54,Martinique,,,989148.0,280.00000000000006,4665105.0,1316.113,372312.0,329.0,4156025.0,1121.0,476266.0,13.0,,,12955538.0,10001.0,272488.0,100.0,2172417.0,1292.0,2736237.0,2945.0,2088783.0,1297.0,3952206.0,1838.0,1210440.0,951.0,4704137.0,1485.0,2033736.0,1.0,1602663.0,86.0,4290349.0,2982.0,696430.0,50.0,1915135.0,128.0,103693699.0,61305.0,5434764.0,51.0,2524999.0,11.0,37735599.0,14009.0,2321670.0,7.0,151714360.0,72502.0,1431500.0,4.0,2546350.0,1074.0,6639110.0,816.0,881440.0,117.0
55,Mexique,1546175.0,54.8,1040167.0,29.5,155904.0,1.0,398864.0,202.0,321695.0,136.0,271100.0,2.0,2071453.0,1081.0,62501.0,2.0,1270777.0,9.0,725000.0,5.0,,,,,245562.0,77.0,17329904.0,79.0,2623092.0,27.0,5897183.0,11.0,9778930.0,106.0,889306.0,116.0,454680.0,26.0,1291376.0,123.0,187186.0,8.0,136936.0,0.0,5778612.0,6067.0,1446507.0,152.0,1557650.0,56.0,55750.0,55.0,,,,,32270.0,7.0,,
56,Montserrat,,,,,,,,,,,,,,,,,,,,,,,,,,,,,,,,,,,,,,,,,,,,,,,218860.0,1.0,,,,,,,,,,,,
57,Panama,301068.0,64.34,,,5966500.0,3700.0,221177.0,57.0,,,252450.0,10.0,147232.0,11.0,274579.0,48.0,197776.0,7.0,276195.0,18.0,,,115000.0,1.0,459050.0,34.0,,,,,598291.0,50.0,,,,,,,301724.0,30.0,88641.0,4.0,,,,,,,,,,,,,,,,,,
58,Paraguay,,,,,,,,,,,,,,,,,,,,,,,,,1208216.0,2750.0,,,,,,,,,,,,,,,,,,,,,,,,,,,,,,,,,,
59,Pérou,,,366379.0,0.108,,,,,,,,,,,,,,,,,24033.0,1.0,,,,,8369385.0,17511.0,1764923.0,527.0,397460.0,150.0,,,,,,,,,29555.0,40.0,,,,,,,,,,,,,,,,,,
60,République Dominicaine,,,,,,,5296.0,27.0,,,,,,,,,729106.0,0.0,,,,,,,,,,,,,,,,,,,27757.0,0.0,,,,,,,,,,,,,,,,,,,,,,
61,Sainte-Lucie,,,,,,,,,,,,,,,,,,,24600.0,12.0,,,,,,,,,,,,,,,,,,,,,,,,,,,,,,,,,,,,,,,,
62,Trinité-et-Tobago,,,83883.0,4.5,,,,,,,,,23609.0,9.0,,,,,,,,,,,,,,,,,,,,,,,,,,,,,,,,,,,,,,,,,,,,,,
63,Uruguay,,,,,,,,,,,,,,,,,,,196547.0,0.0,,,,,,,466450.0,6.0,,,,,,,,,,,,,,,,,,,,,,,,,,,,,,,,
64,Canada,451190558.0,14504.653000000002,312114967.0,8041.61,88791596.0,4955.392000000001,76641475.0,4865.846,66835870.0,8108.0,51442496.0,3428.0,39675994.0,20013.0,41484486.0,4639.0,225655752.0,6553.0,29932595.0,757.0,48179790.0,827.0,47063185.0,328.0,45359651.0,755.0,79918410.0,1344.0,220892717.0,2932.0,188454183.0,11918.0,229736317.0,50733.0,456243885.0,9311.0,246917229.0,42412.0,194066378.0,5622.0,156334951.0,11140.0,256818066.0,13132.0,181696490.0,10484.0,563323698.0,13991.0,736454000.0,2932.0,288605330.0,7115.0,404713780.0,4122.0,604281996.0,5598.0,189492240.0,1650.0,243760920.0,1929.0
65,Etats-Unis d'Amérique,2809124591.0,1758503.485000001,2413415812.0,2035197.4490000024,1669351753.0,1431726.7149999996,3671453668.0,2981208.5419999985,2206496126.0,2273020.0,2274962026.0,2025729.0,1981780416.0,2207818.0,2545004573.0,3071317.0,1808846255.0,2386599.0,1981637051.0,2679839.0,2190047960.0,3068412.0,2311745453.0,3094600.0,1597234323.0,2753550.0,1372463794.0,2902308.0,1309678460.0,1626286.0,1243424022.0,1926501.0,2260446024.0,3912492.0,2766366672.0,7931415.0,2817193279.0,7868152.0,2304453812.0,5070893.0,3155931874.0,4940016.0,4449463668.0,4718473.0,3060654735.0,3816799.0,2822812993.0,4124442.0,3204029380.0,3399762.0,3673352906.0,2124669.0,2191587529.0,262251.0,1939129625.0,114278.0,1807624060.0,2656241.0,1117047809.0,73303.0
66,Groenland,,,,,,,,,,,,,,,,,,,,,,,,,,,,,,,,,,,,,,,,,,,,,,,,,,,369240.0,124.0,,,,,,,,
67,Bangladesh,,,,,,,,,,,7133931.0,182900.0,11600626.0,414240.0,,,,,,,,,,,,,,,,,,,,,,,,,,,,,,,,,,,,,,,,,,,,,,
68,Bhoutan,,,,,,,,,,,,,,,,,,,,,,,53981.0,2.0,,,,,,,,,,,,,,,,,,,,,,,,,,,,,,,,,,,,
69,Cambodge,,,,,,,,,,,,,2386600.0,5000.0,,,419984.0,1.0,825020.0,4.0,,,,,,,,,,,,,,,,,,,1453840.0,0.0,176000.0,0.0,1706947.0,1.0,2909000.0,6.0,,,,,,,,,,,,,,
70,Chine,199119241.0,1177931.8,219980394.0,1239076.4999999998,211610601.0,1180362.762,282957017.0,1472187.734,458981851.0,1835343.0,327781257.0,1430601.0,298880526.0,1320380.0,190555190.0,1161030.0,203264103.0,1563929.0,211613580.0,2164883.0,295754374.0,2511252.0,281004194.0,2238246.0,309234790.0,1596880.0,280800174.0,1362265.0,303069761.0,1649736.0,301390416.0,1752562.0,368221238.0,3165124.0,386290944.0,1896875.0,140362181.0,810922.0,103398497.0,596344.0,56038776.0,361611.0,8439350.0,31082.0,18622047.0,31010.0,9684706.0,22454.0,5883840.0,18350.0,4326000.0,8000.0,319740.0,11.0,16021480.0,28051.0,21136710.0,39724.0,2654610.0,3449.0
71,Corée du Nord,900000.0,186502.0,1200000.0,284938.0,4190105.0,10000.0,1247476.0,2000.0,2805621.0,6000.0,,,3846296.0,18090.0,,,,,,,,,,,,,,,,,,,,,,,,,,,,,,,,,,,,,,,,,6000.0,1.0,,,,
72,Corée du Sud,6991106.0,426380.0,19712246.0,199162.0,21677087.0,1042518.0,37698496.0,750700.5,55819839.0,1110826.0,17503630.0,786913.0,49649825.0,805467.0,80556239.0,724855.0,25040193.0,172033.0,18495066.0,391555.0,39151748.0,192497.0,47378278.0,134432.0,34370782.0,112013.0,35765135.0,112598.0,56079425.0,154925.0,33554107.0,183038.0,56841318.0,128114.0,61754273.0,110070.0,48352626.0,221621.0,76048246.0,335812.0,165460876.0,270865.0,49792845.0,104043.0,27083460.0,73984.0,30324286.0,91875.0,44891200.0,64794.0,244765655.0,122612.0,227914218.0,115116.0,201138805.0,63698.0,242333860.0,202043.0,165401376.0,165207.0
73,Hong-Kong,2873901122.0,21076.631,2735522835.0,41200.87699999998,1098425097.0,31700.931,3154666967.0,30781.436000000005,4379765802.0,44171.0,4775429184.0,54624.0,3587295476.0,54050.0,3448799799.0,75696.0,4401876861.0,196286.0,3735897536.0,241918.0,3555075701.0,162681.0,3820694697.0,417786.0,4129760120.0,195476.0,4582155311.0,244953.0,6703916820.0,845826.0,5688170057.0,650149.0,5994095813.0,610417.0,5662394744.0,460660.0,3756790422.0,324090.0,3241410305.0,571668.0,6416860828.0,347969.0,6390834340.0,416411.0,6014823670.0,409901.0,3580274484.0,517156.0,1566590080.0,153519.0,920371079.0,183100.0,1227045797.0,12978.0,830006964.0,1379.0,149445012.0,2637.0,176730706.0,817.0
74,Inde,8630716.0,1610890.0,25644110.0,5499030.0,4577631.0,648260.0,1914913.0,18501.0,1530512.0,17120.0,3273169.0,36204.0,5162047.0,54062.0,7789057.0,73944.0,6536361.0,74206.0,5801127.0,74088.0,5608764.0,69040.0,7536103.0,71908.0,4420933.0,35927.0,1944280.0,17149.0,5337911.0,31920.0,8301646.0,17784.0,8054738.0,45757.0,6662525.0,150660.0,11515600.0,24007.0,2507849.0,594845.0,1939513.0,78930.0,945070.0,37740.0,,,,,,,,,,,,,,,,
75,Indonésie,16504187.0,123078.5,2625000.0,17420.0,2733453.0,10000.0,12497064.0,69581.0,19143841.0,107005.0,24528138.0,122319.0,88241015.0,1926592.0,24129930.0,2552005.0,29058857.0,2121491.0,12306523.0,399880.0,4394804.0,36720.0,756048392.0,82540.0,16861574.0,84893.0,12713387.0,84352.0,6484630.0,16334.0,12130242.0,10299.0,5296595.0,179145.0,8598798.0,51853.0,2022565.0,16625.0,4461829.0,29313.0,12080014.0,230203.0,2626382.0,15500.0,247588.0,297648.0,3013641.0,15500.0,67820.0,39.0,6690660.0,201.0,6000.0,1.0,,,,,,
76,Japon,1945530656.0,170054.1798999999,1960213416.0,494966.563,1159400291.0,505075.216,1757907649.0,598431.9440000003,2946778149.0,439622.0,3195557969.0,476335.0,2865885517.0,499061.0,3680753823.0,552557.0,4231735919.0,562159.0,3989403889.0,227706.0,3593395223.0,286712.0,2988697053.0,290440.0,2777057536.0,271794.0,2668768535.0,306692.0,2292764558.0,358117.0,5298115798.0,368143.0,5178552794.0,383009.0,5723186757.0,408106.0,5416401028.0,492023.0,4789919897.0,342039.0,6546433055.0,426167.0,6041923718.0,314619.0,10594055871.0,341143.0,11364996111.0,252159.0,9899049396.0,255235.0,8810819048.0,1153614.0,10353129450.0,360155.0,7101112550.0,441491.0,10202405129.0,337145.0,6448236462.0,334295.0
77,Kazakhstan,,,41765.0,2.5,,,,,,,5058.0,6.0,,,,,95000.0,0.0,,,,,,,,,,,,,,,,,,,,,,,,,,,,,,,,,,,,,,,,,,
78,Laos,,,,,,,,,168017.0,25.0,152190.0,41.0,,,,,,,,,,,,,,,,,,,,,,,,,,,,,,,,,,,,,,,,,,,,,,,,
79,Malaisie,2200000.0,233150.0,4956681.0,513605.0,5329394.0,577461.0,4124631.0,416262.0,2300000.0,267390.0,4300000.0,487090.0,1100000.0,124630.0,1527674.0,88276.0,202653.0,9.0,9865202.0,532400.0,3394954.0,258635.0,800000.0,81850.0,2300000.0,476160.0,6765266.0,529181.0,,,20594.0,1.0,366960.0,870.0,8353100.0,4950.0,6302064.0,518065.0,4284354.0,324020.0,8370442.0,748805.0,2539664.0,205014.0,315921.0,303.0,829419.0,796.0,302840.0,291.0,395200.0,380.0,,,3429920.0,2.0,,,,
80,Maldives,,,,,,,,,,,,,,,,,,,,,,,,,13101000.0,15000.0,602974.0,130.0,,,,,,,,,,,1071000.0,970.0,,,,,,,,,,,,,,,,,,,,
81,Pakistan,,,,,,,,,,,,,,,,,99121.0,5.0,,,,,,,,,,,,,,,,,,,,,,,,,,,,,,,,,,,,,,,,,,
82,Philippines,77194451.0,264397.01,1939205.0,5129.0,1938667.0,17392.672,1031939.0,15320.0,1340252.0,243.0,5966.0,15.0,822536088.0,2377705.0,6358912.0,37094.0,9575880.0,73877.0,2814291.0,18054.0,6185989.0,48120.0,8622736.0,46738.0,13518409.0,105265.0,7763658.0,28361.0,50793473.0,92587.0,100645809.0,251367.0,32328671.0,207754.0,30182786.0,219388.0,12703231.0,84763.0,48072269.0,258454.0,19413553.0,189566.0,4005732.0,50851.0,3780893.0,3.0,,,,,549015690.0,22461.0,268007880.0,4893.0,6312630.0,1.0,552660.0,1.0,2155100.0,3874.0
83,Singapour,14649849.0,2055.23,9111118.0,381.41200000000003,8888723.0,52158.0,19547611.0,474196.1,15399067.0,982176.0,6729322.0,1688255.0,7065506.0,523323.0,28209563.0,1233.0,674947071.0,12542.0,4795376.0,114235.0,87303502.0,4000009.0,94786723.0,4000082.0,267341360.0,3257098.0,44302819.0,857134.0,54714418.0,335641.0,20845999.0,264685.0,23939212.0,77936.0,74988414.0,86249.0,100104298.0,755810.0,85971184.0,640299.0,74176086.0,1615608.0,117473221.0,1292935.0,86064669.0,1750.0,61019265.0,5435.0,112601560.0,357.0,674864980.0,264.0,510504580.0,350.0,123005949.0,1300396.0,9291860.0,117.0,55242130.0,95220.0
84,Sri Lanka,,,,,,,,,6.0,0.0,739.0,8.0,,,1329981.0,4500.0,,,,,,,,,,,,,1490232.0,8470.0,622841.0,3145.0,88744.0,681.0,240561.0,867.0,,,,,,,,,,,,,,,,,,,,,,,,
85,Taïwan,32786614.0,3838.412,6781297.0,1763.0,9486929.0,11580.5,31135069.0,234319.9,49095334.0,49058.0,39562704.0,8735.0,32711977.0,15021.0,10809997.0,8810.0,11290076.0,13202.0,19623051.0,193184.0,38858132.0,234815.0,84016951.0,226189.0,28505004.0,60966.0,582563.0,463.0,13923751.0,51854.0,32925216.0,125361.0,16714704.0,47923.0,9405452.0,23292.0,12587742.0,16285.0,11066513.0,13470.0,9895740.0,7873.0,7808475.0,102.0,25358999.0,255.0,27444964.0,12865.0,26437950.0,4734.0,62473760.0,5677.0,27038720.0,144.0,14136440.0,13968.0,64286970.0,4008.0,78350714.0,265.0
86,Thaïlande,10042741.0,1884919.41,261270.0,4750.54,336818.0,5188.0,45642406.0,19982.084,7709631.0,27741.0,795624.0,4544.0,29640751.0,2800866.0,13746655.0,2594212.0,14306998.0,1669924.0,20107779.0,3564586.0,27360796.0,2508301.0,25823362.0,2452728.0,39138582.0,2188197.0,6827829.0,1200549.0,58628234.0,1027555.0,75327171.0,2020495.0,74077223.0,50827.0,598957998.0,57094.0,1235009832.0,73290.0,1280912016.0,31961.0,62681191.0,15031.0,60864220.0,15242.0,57188041.0,2210224.0,29302348.0,11074.0,17539140.0,20346.0,62080660.0,815.0,46761380.0,11.0,27831820.0,12.0,45000.0,2.0,,
87,Turquie,,,,,,,9562152.0,88979.0,,,,,,,20000.0,8.0,48279.0,12.0,764400.0,0.0,,,364593.0,187.0,379665.0,17.0,,,,,200000.0,28.0,,,,,,,100000.0,0.0,,,,,,,,,,,,,,,,,,,,
88,Viêt Nam,24644813.0,105920.833,53320562.0,264951.607,64354584.0,290436.28400000004,116553940.0,789288.349,77729470.0,374633.0,141464918.0,531781.0,109282911.0,581816.0,179276839.0,1289827.0,117746861.0,1116568.0,114083406.0,1114364.0,44605757.0,563465.0,46683010.0,379902.0,26611025.0,152524.0,18068647.0,105844.0,121841594.0,367334.0,25259313.0,140600.0,74761226.0,281365.0,30579436.0,184093.0,6558210.0,71000.0,1372648.0,10000.0,9310312.0,56040.0,,,,,18897.0,18.0,37760.0,37.0,,,,,,,,,,
89,Arabie Saoudite,453330.0,16.0,,,,,,,,,,,,,,,611917.0,48.0,,,,,,,,,1401650.0,108.0,,,603864.0,682.0,,,65000.0,39.0,,,1203443.0,600047.0,3647293.0,463.0,88000.0,90.0,,,,,,,,,,,,,,,,
90,Bahreïn,,,,,,,,,,,,,,,,,,,,,242519.0,3.0,,,,,,,,,,,,,,,,,,,,,,,,,,,,,,,,,11153855.0,4.0,,,,
91,Emirats Arabes Unis,,,2176352.0,89.01,29087.0,20.0,34000.0,24.8,57542.0,10.0,1106714.0,196.0,2181779.0,2573.0,4773200.0,3.0,8438980.0,86.0,1053991.0,897.0,19243.0,18.0,12976057.0,296.0,5385348.0,518.0,1019363.0,695.0,333021.0,1212.0,459461972.0,1142.0,22613288.0,3255.0,2063354.0,1968.0,361157.0,8111.0,57652965.0,219.0,39409258.0,21.0,23386866.0,12.0,36675696.0,52.0,24353870.0,7.0,6242740.0,332.0,17564000.0,6.0,,,2933980.0,3.0,,,,
92,Iran,,,,,,,,,,,,,,,,,,,,,,,,,,,,,,,,,,,185000.0,0.0,,,,,,,,,,,,,,,,,,,,,,,385320.0,1.0
93,Israël,50693.0,11.5,1301288.0,21.0,,,335633.0,1.0,580087.0,1.0,,,,,,,8039262.0,1538.0,578154.0,93.0,634678.0,100.0,4037.0,1.0,173400.0,6.0,3759000.0,0.0,,,,,32033.0,1.0,,,,,,,114600.0,8.0,395000.0,1.0,,,1261000.0,2.0,385870.0,1.0,660836.0,26.0,,,,,64000.0,5.0,,
94,Jordanie,,,,,,,,,,,,,,,,,,,,,,,,,,,,,,,,,,,,,708090.0,0.0,,,,,,,,,,,,,,,,,,,,,,
95,Koweït,,,,,,,,,,,,,,,,,,,,,,,,,,,,,,,,,99997.0,48.0,,,,,,,,,,,,,,,,,,,,,,,,,,
96,Liban,,,,,,,,,,,14256.0,9.0,119330.0,0.0,,,,,,,582500.0,2.0,200000.0,0.0,7508963.0,0.0,2460000.0,3.0,2331722.0,13.0,1750124.0,5.0,3755531.0,1.0,2546000.0,11.0,290000.0,1.0,7053315.0,11.0,7478926.0,36.0,5630768.0,13.0,,,,,,,,,,,,,627270.0,2.0,,
97,Oman,,,,,,,,,,,,,,,,,,,,,,,,,,,,,,,,,,,,,,,,,,,,,,,,,,,1875420.0,1.0,,,,,,,,
98,Qatar,,,690323.0,16.5,,,,,102.0,14.0,,,1141726.0,90.0,,,,,,,23866.0,2.0,,,11934.0,7.0,,,21360070.0,2.0,,,,,,,,,,,,,,,,,,,,,,,,,,,,,,
99,Andorre,,,,,,,,,,,,,,,,,,,,,,,1930998.0,1.0,,,,,,,8102.0,4.0,,,7047987.0,4.0,8794860.0,3.0,2089495.0,3.0,3553886.0,0.0,2834671.0,0.0,13770300.0,8.0,65000.0,1.0,,,,,,,,,,,,
100,Islande,,,,,,,,,,,,,,,,,,,,,,,,,,,,,,,,,,,,,,,,,,,,,,,,,,,39200.0,25.0,,,597920.0,2.0,55800.0,1.0,,
101,Monaco,,,,,307324.0,5.0,,,,,,,,,,,,,,,,,,,,,,,,,,,,,,,,,,,,,,,,,,,,,,,,,,,,,,
102,Monténégro,,,,,,,,,,,,,,,,,2044393.0,110.0,,,,,,,,,,,,,,,,,,,,,,,,,,,,,,,,,,,,,,,,,,
103,Norvège,,,,,211900.0,26.0,1576598.0,219.5,595434.0,55.0,350326.0,35.0,763175.0,442.0,1960842.0,1354.0,28263.0,20.0,1376120.0,52.0,477320.0,20.0,357041.0,152.0,2189546.0,1194.0,238661.0,13.0,68973.0,4.0,,,,,2012530.0,3105.0,9847.0,2.0,,,44700.0,450.0,675604.0,367.0,,,1009760.0,3430.0,146600.0,1.0,101000.0,16.0,718500.0,1.0,100000.0,15.0,,,,
104,Russie,,,25860.0,0.054,,,,,,,21127.0,1.0,,,,,,,54637.0,1.0,,,,,13500.0,1.0,,,,,234170.0,22.0,615938.0,2001.0,,,,,,,,,2582680.0,171.0,11232863.0,5.0,2665670.0,2.0,,,,,496962.0,1.0,,,,,,
105,Saint-Marin,,,,,,,,,,,228398.0,0.0,,,,,,,617428.0,0.0,,,,,,,,,,,,,,,3135100.0,1.0,,,,,,,,,161096.0,1.0,,,,,,,,,,,,,,
106,Suisse,3358766.0,723.0,6375722.0,102.19999999999999,2140316.0,8.056,8510639.0,557.597,22236396.0,10872.0,24466156.0,1350.0,5594366.0,822.0,2991823.0,380.0,6517321.0,301.0,18616539.0,1814.0,2511352.0,598.0,13105554.0,129.0,1638330.0,15.0,12374988.0,24767.0,80204791.0,2338.0,102653619.0,216.0,65452167.0,9716.0,90306375.0,275.0,94314960.0,344.0,104110383.0,6947.0,112555396.0,191.0,173873578.0,2919.0,548810607.0,3956.0,547466966.0,435.0,521672590.0,224.0,303440990.0,12696.0,90640050.0,516.0,48879100.0,11089.0,311639870.0,196.0,539742410.0,637.0
107,Ukraine,,,,,1119129.0,18976.0,,,,,,,,,,,,,,,,,30850.0,11.0,,,,,,,,,,,625000.0,0.0,15036.0,3.0,,,,,3000.0,40.0,,,,,,,,,,,,,,,,
108,Allemagne,52859304.0,93458.586,65107546.0,55707.18899999998,57341429.0,49039.084,171315763.0,105349.54999999999,120290076.0,92686.0,88334030.0,129333.0,79177785.0,112649.0,102038316.0,148631.0,102578772.0,89167.0,122975150.0,184324.0,77919726.0,102981.0,123209627.0,186249.0,124431955.0,284991.0,134649575.0,743588.0,195659826.0,1255650.0,281347027.0,686352.0,298937184.0,901932.0,188934713.0,141250.0,96789183.0,103620.0,80048559.0,15615.0,131634636.0,6388.0,518110382.0,35591.0,498517020.0,9841.0,375386289.0,6562.0,250483764.0,15377.0,250198956.0,7087.0,161825575.0,18255.0,119101626.0,13571.0,677282271.0,7249.0,88907242.0,5742.0
109,Autriche,1966319.0,3001.0,50118.0,1.0,,,181835.0,14.0,337289.0,13.0,,,1789842.0,62.0,1279691.0,28.0,708119.0,128.0,6389016.0,14250.0,361933.0,121.0,1880880.0,6333.0,451404.0,121.0,2173813.0,15550.0,982683.0,15.0,,,546581.0,1066.0,2884397.0,22.0,160000.0,0.0,20000.0,69.0,705000.0,105.0,17396247.0,1031.0,7134054.0,9.0,59509264.0,37.0,47921070.0,44.0,2477000.0,2.0,885400.0,50.0,727874.0,6.0,6756000.0,6.0,1186870.0,10.0
110,Belgique,21001564.0,11264.6,11258728.0,3702.589,21791141.0,27826.51,30050967.0,36873.0,12242986.0,24251.0,29974025.0,36657.0,23237389.0,60794.0,42708329.0,51387.0,33908197.0,28238.0,12667338.0,24210.0,22480460.0,59641.0,11063940.0,20921.0,12252969.0,51240.0,87336787.0,1292744.0,342596433.0,3463398.0,198313019.0,2808237.0,193419058.0,3853034.0,180721078.0,3208052.0,258376800.0,4548758.0,270540982.0,4712658.0,167048770.0,3647751.0,269661146.0,3334754.0,148326188.0,3170772.0,111245429.0,1505219.0,,,,,,,,,,,,
111,Belgique et Luxembourg,492950.0,20.0,890201.0,0.493,,,5885203.0,22.761,,,,,,,,,,,,,,,,,,,,,,,,,,,,,,,,,,,,,,,,,133594870.0,2299439.0,294991003.0,4339177.0,374683985.0,6284155.0,247396457.0,4931615.0,118396740.0,2432521.0,44951780.0,1211316.0
112,Bulgarie,,,,,,,,,,,,,,,,,,,,,,,,,,,,,,,413717.0,13.0,,,,,,,,,,,,,,,,,,,,,,,,,,,,
113,Chypre,,,185365.0,20.0,,,,,,,,,,,,,,,,,,,,,,,,,,,,,,,,,,,,,,,190660.0,0.0,,,,,,,,,,,,,,,,
114,Croatie,,,,,,,,,,,,,,,6217040.0,21917.0,8641400.0,32850.0,,,,,,,,,,,,,,,,,,,,,,,,,,,,,,,,,,,,,,,,,,
115,Danemark,34230019.0,879.4390000000001,42448453.0,3904.676,28611356.0,745.732,42202201.0,786.28,66833534.0,1010.0,43461788.0,494.0,35673030.0,559.0,893774728.0,13887.0,44784598.0,536.0,40457692.0,8113.0,23204889.0,1210.0,24216412.0,1126.0,15739924.0,408.0,12732275.0,199.0,23726225.0,530.0,22768415.0,548.0,12729162.0,4590.0,11726441.0,1325.0,9792807.0,283.0,12428733.0,769.0,5532185.0,430.0,12691973.0,2514.0,4438120.0,4390.0,3007308.0,86.0,20050220.0,610.0,1858430.0,753.0,1992600.0,18.0,1802320.0,82.0,192010.0,1.0,50000.0,1.0
116,Espagne,6277446.0,82.05,6137595.0,294.3,10994940.0,287.6,25030738.0,3254.5,12244547.0,173.0,63727379.0,580.0,9887812.0,262.0,13838385.0,115.0,4458973.0,3834.0,1410122.0,152.0,3377558.0,33.0,4430838.0,2698.0,20548308.0,20272.0,43239216.0,11077.0,19000963.0,270.0,13768288.0,2173.0,22426798.0,4009.0,57217193.0,312.0,97054160.0,15570.0,12736445.0,7445.0,27659565.0,3808.0,57059704.0,37235.0,187888760.0,72548.0,19903277.0,363.0,6788560.0,8921.0,6522300.0,5.0,133200.0,122.0,990820.0,35.0,807500.0,140.0,541690.0,2.0
117,Estonie,,,,,,,,,,,,,,,,,,,,,50000.0,0.0,194000.0,1.0,,,,,,,,,,,,,,,,,,,,,,,,,,,,,,,,,,,,
118,Finlande,,,11933.0,19.5,35202.0,3.0,16539.0,1.0,29833.0,29.0,845507.0,71.0,773959.0,99.0,592121.0,9.0,,,,,83078.0,81.0,60020.0,46.0,224579.0,37.0,963710.0,225.0,53699.0,2.0,,,,,41537353.0,455.0,15553641.0,471.0,59665.0,45.0,320237.0,2.0,2000.0,70.0,,,,,900.0,1.0,533810.0,2.0,51870.0,1.0,96000.0,1.0,91220.0,1.0,,
119,France,2121423912.0,5863124.960000011,2191881213.0,5699089.64849999,1516046622.0,6690155.559999998,2041712151.0,8790030.816999996,2879473275.0,6956494.0,2607849539.0,6515868.0,3671536796.0,7498124.0,1934909779.0,8314206.0,1742329144.0,6167706.0,1900061045.0,7429358.0,1997155513.0,8345191.0,2860639709.0,7104854.0,1784491659.0,7799601.0,2190561161.0,3391245.0,3180328892.0,1700348.0,1530877471.0,4342353.0,2461764299.0,1377153.0,2768300992.0,1980555.0,2512952619.0,1576706.0,1817356174.0,1411197.0,1521276929.0,1227744.0,3026481073.0,1260866.0,2264385925.0,2384066.0,2711467915.0,1808468.0,1756292739.0,686594.0,2788591705.0,1282920.0,1801630650.0,1236710.0,2703279823.0,1283259.0,1413466328.0,781021.0,1489624119.0,3359086.0
120,Grande Bretagne,48752744.0,1733.2699999999998,20049536.0,1038.299,6241125.0,509.3,1487320595.0,28688.46,10878705.0,7148.0,48306951.0,2189.0,53331976.0,10676.0,20543105.0,8389.0,7325993.0,2346.0,12594973.0,1750.0,3501003.0,553.0,5622531.0,160.0,1476962190.0,487086.0,17351465.0,722.0,43341723.0,22505.0,51234233.0,23698.0,102869930.0,31772.0,59439664.0,32195.0,8574446.0,672.0,5337546.0,3085.0,18318418.0,2842.0,32362596.0,9164.0,122352869.0,57321.0,220896181.0,87000.0,10847060.0,30787.0,15826530.0,38493.0,10113420.0,16514.0,6176440.0,1331.0,10444628.0,4312.0,12486290.0,6566.0
121,Grèce,,,,,,,,,,,,,,,,,,,59665000.0,708000.0,,,,,198923.0,2.0,,,,,490000.0,0.0,476286.0,11.0,260000.0,0.0,,,,,,,,,,,,,317190.0,2.0,,,286720.0,80.0,,,,,,
122,Hongrie,872295.0,99.0,20440759.0,49.0,21364.0,2.0,1423579.0,51.3,418394.0,27.0,324750.0,13.0,171492.0,12.0,108874.0,5.0,136146.0,2.0,901623.0,27.0,4057743.0,207.0,87592.0,3.0,,,,,,,,,,,,,,,,,,,,,,,5000.0,29.0,,,,,,,74650.0,34.0,,,,
123,Irlande,880640.0,98.5,300163.0,40.5,89945.0,4.0,117042.0,3.0,60000.0,5.0,1003493994.0,13309.0,47705.0,5.0,,,,,104132.0,16.0,2386.0,1.0,2211492.0,32.0,5967.0,7.0,197590.0,8.0,,,1687387.0,108.0,,,2040.0,1.0,,,50339.0,25.0,329946.0,33.0,31543.0,12.0,38343.0,5.0,5134856.0,31.0,231970.0,13.0,1074870.0,115.0,4834350.0,179.0,4214460.0,153.0,4619980.0,159.0,,
124,Italie,30010484.0,5237.222,13700030.0,6806.649,7682194.0,376.437,13799322.0,7661.2,10002084.0,9429.0,14177384.0,20818.0,14169912.0,45709.0,12308675.0,32219.0,24003825.0,72410.0,34245061.0,58512.0,17544788.0,29264.0,11872225.0,21273.0,4267563.0,1278.0,5750096.0,6763.0,53272661.0,67869.0,30990883.0,32193.0,55191694.0,119798.0,56251760.0,75032.0,26600960.0,34010.0,210066722.0,464400.0,42962561.0,52362.0,68346915.0,62080.0,209912344.0,103934.0,174855248.0,53697.0,66589100.0,104595.0,74298570.0,121505.0,112027040.0,62613.0,16729600.0,42961.0,35107650.0,92052.0,43188214.0,941900.0
125,Lettonie,,,,,,,,,,,,,,,,,46539.0,5.0,,,,,,,,,,,,,,,,,,,,,,,,,,,,,,,,,,,,,,,,,,
126,Lituanie,,,,,,,102600.0,0.024,341555.0,79.0,200244.0,150.0,312149.0,229.0,228568.0,157.0,1931634.0,270.0,40220.0,39.0,449224.0,257.0,545710.0,273.0,243662.0,226.0,432536.0,289.0,,,309442.0,0.0,,,,,,,,,,,,,,,,,,,,,,,,,,,,
127,Luxembourg,,,200000.0,21.0,400000.0,192.0,1103579.0,40.0,1729367.0,45.0,,,,,1499978.0,2.0,4267718.0,16.0,2568579.0,4.0,3144465.0,4.0,11057118.0,14.0,7746725.0,11.0,5418895.0,11.0,,,,,155964.0,0.0,475000.0,20.0,1327095.0,1.0,2505500.0,1.0,2700000.0,1.0,5405390.0,0.0,4480000.0,5.0,3030000.0,2.0,,,,,,,,,,,,
128,Malte,2690628.0,1138.24,38086878.0,10.97,22870519.0,4.95,41781548.0,160.903,27695759.0,7.0,,,6706.0,10.0,430330.0,354.0,3762956.0,345.0,,,1867904.0,93.0,572784.0,33.0,196895.0,11.0,226728.0,11.0,,,,,,,,,,,,,,,,,,,,,,,,,,,,,,,,
129,Pays-Bas,1466148204.0,53757.70000000001,812699506.0,8895.198999999997,484337850.0,6435.580000000003,242027698.0,14048.300000000001,7685759.0,2956.0,501138309.0,76897.0,4151287806.0,365487.0,34247055.0,3637.0,13409717.0,4738.0,16270318.0,3965.0,41733261.0,5308.0,33044950.0,3817.0,22895449.0,2712.0,30041687.0,3174.0,38641569.0,3800.0,37882440.0,28745.0,7897911.0,2197.0,10707434.0,547.0,11046394.0,2426.0,30516117.0,31636.0,53540725.0,75678.0,12466920.0,26844.0,2481109.0,17.0,154634416.0,2118083.0,1827060.0,83.0,62078095.0,898692.0,1306990.0,135.0,229110.0,317.0,145924370.0,2800733.0,6073600.0,6249.0
130,Pologne,3510453.0,28.599999999999998,2459936.0,33.2,541032.0,238.0,167901.0,4.0,156657.0,31.0,556788.0,127.0,2672728.0,51.0,30927.0,3.0,331619.0,26.0,,,,,,,,,,,,,402649.0,4.0,,,35000.0,0.0,,,,,5059714.0,0.0,10000.0,500.0,836418.0,3.0,,,80000.0,2.0,,,,,,,,,,
131,Portugal,,,275000.0,12.0,,,,,884539.0,33.0,113493.0,19.0,863027.0,14.0,358.0,2.0,49170.0,1.0,185167.0,52.0,,,,,,,,,217080.0,90.0,,,195414.0,5331.0,,,11933.0,42.0,,,5458616.0,173.0,452292.0,512.0,86806.0,0.0,9560.0,9.0,,,,,180320.0,184.0,1000000.0,1.0,,,,
132,Roumanie,,,8353100.0,13935.0,,,,,,,,,,,,,,,129900.0,1.0,,,17900.0,3.0,,,,,,,,,23201.0,7.0,,,320640.0,0.0,,,,,,,,,,,,,,,,,,,,,,
133,République Tchèque,59420.0,1.5,824132.0,8.5,295708.0,6.0,1100757.0,23.0,666775.0,13.0,5536912.0,100.0,1018000.0,0.0,,,,,40000.0,0.0,,,,,143000.0,0.0,2074022.0,3.0,,,,,,,215000.0,0.0,,,,,,,100000.0,0.0,,,410700.0,86.0,2996540.0,4.0,2510640.0,4.0,898460.0,3.0,2094940.0,4.0,2000000.0,10807.0,,
134,Slovaquie,83531.0,9.0,250593.0,2050.0,75178.0,560.0,,,227487.0,4.0,,,399413.0,37.0,250594.0,13.0,11661.0,3.0,7200.0,2.0,,,,,,,232759.0,1.0,,,858067.0,0.0,,,,,,,,,,,,,,,,,,,,,,,,,,,,
135,Slovénie,285073.0,10.5,,,,,,,,,,,,,146776.0,3.0,,,,,,,12117.0,1.0,,,,,,,56085.0,5.0,449993.0,13.0,,,,,,,,,,,,,,,,,,,,,,,,,,
136,Suède,4796350.0,93.0,6935387.0,244.5,165163.0,2.75,15670673.0,233.0,83000.0,5.0,12533316.0,191.0,10288359.0,231.0,12034442.0,395.0,10785030.0,641.0,6312668.0,285.0,21073089.0,11075.0,4345001.0,186.0,7266675.0,385.0,264935.0,45.0,883042.0,974.0,599320.0,171.0,2546908.0,67.0,2832665.0,108.0,7642999.0,153.0,938064.0,3.0,2847978.0,54.0,552190.0,261.0,93114803.0,126.0,,,10000.0,30.0,158540.0,11.0,114000.0,14.0,120000.0,2.0,3920710.0,8002.0,452630.0,6.0
137,Australie,199352334.0,18731.648999999998,62907351.0,166592.442,114679116.0,1348223.7199999997,37852924.0,1440563.043,298071667.0,610500.0,56143451.0,23831.0,71507993.0,27439.0,84140525.0,30366.0,31797156.0,7202.0,31001339.0,28306.0,102937295.0,33228.0,54316972.0,40036.0,290097196.0,53657.0,104289188.0,60953.0,100575528.0,163103.0,296455507.0,70005.0,194208053.0,230984.0,77320522.0,55912.0,92402123.0,687386.0,155664504.0,278300.0,350038772.0,519940.0,184787316.0,596409.0,134023977.0,252647.0,590948090.0,288154.0,680645310.0,182079.0,570867340.0,151057.0,410231660.0,153974.0,493647490.0,770627.0,358013306.0,599610.0,146944210.0,204195.0
138,Nouvelle-Zélande,194924272.0,5962906.062999998,230289901.0,5368962.880999999,172918002.0,8128888.093,213668989.0,10029136.117,211080231.0,9326664.0,251664713.0,9548025.0,175371181.0,3650681.0,230606631.0,3067321.0,176186415.0,4058151.0,147218830.0,2855998.0,157280093.0,3032822.0,140477247.0,2986438.0,219372566.0,4801854.0,202741610.0,4849354.0,125424641.0,3766700.0,134168266.0,3314503.0,366502623.0,6088661.0,217936868.0,4652856.0,213011328.0,1669671.0,209113935.0,3689246.0,511335787.0,2498220.0,123949816.0,1943907.0,302600939.0,2222416.0,127411861.0,1125948.0,209463153.0,1163259.0,145989350.0,642765.0,176759530.0,235822.0,488581126.0,1518851.0,234613970.0,251787.0,70172584.0,434756.0
139,Fidji,31424172.0,1060.6930000000004,16847143.0,9996.9,26778516.0,65570.0,1779926.0,20038.0,2708999.0,450.0,1336751.0,105.0,6691411.0,4254.0,3629253.0,2100.0,2598963.0,1537.0,42049613.0,650343.0,7847640.0,5460.0,4289111.0,10330.0,20105076.0,10796.0,9873149.0,117008.0,1048580.0,963.0,5838447.0,15169.0,10306750.0,4743.0,6207415.0,2163.0,23161137.0,323583.0,14413244.0,33564.0,1597758.0,786.0,667631.0,486.0,113230576.0,65967.0,16300.0,55.0,680980.0,305.0,9278970.0,16695.0,9062890.0,46862.0,3090640.0,23530.0,3826990.0,36198.0,215756800.0,1102000.0
140,Fédération Etats Micronésie,,,,,,,,,,,,,,,,,,,,,,,,,,,,,,,,,,,,,74700.0,255.0,,,,,,,,,,,,,,,,,,,,,,
141,Guam,,,122160.0,1.5,,,57799.0,0.0,,,77265.0,9.0,,,3850830.0,12151.0,2265000.0,20800.0,,,,,,,,,,,,,,,,,139258.0,35.0,,,98547.0,35.0,32800.0,1.0,73850.0,2.0,,,,,,,,,,,,,,,,
142,Iles Cook,14738988.0,3990.7,2177002.0,1165.0,5370015.0,2703.74,27871565.0,11462.0,30110067.0,12215.0,23904061.0,9187.0,41853890.0,13126.0,28540293.0,8061.0,16743388.0,6437.0,16741475.0,4864.0,16749910.0,4175.0,18534845.0,5462.0,23152794.0,55435.0,11716378.0,153597.0,8653279.0,3475.0,33285731.0,187293.0,7513809.0,2109.0,11970988.0,63431.0,13030164.0,3026.0,11191315.0,2276.0,29830651.0,2762.0,11908134.0,2337.0,,,,,,,,,,,,,,,,
143,Iles Marshall,,,,,,,,,,,,,,,,,,,,,,,,,,,,,1233569.0,95.0,,,,,,,,,,,,,,,,,,,,,,,,,,,,,,
144,Iles Salomon,,,,,,,,,34525.0,8.0,,,,,,,,,,,,,,,,,,,,,,,,,,,,,,,,,,,,,,,1846200.0,1720.0,,,,,,,,,,
145,Kiribati,,,,,,,176956.0,8650.0,,,15219.0,2.0,,,,,,,,,,,86845.0,5.0,,,13094.0,1.0,,,20000.0,150.0,170000.0,20.0,47192.0,30.0,,,,,,,,,,,,,,,,,,,,,,,,
146,Niue,,,,,609689.0,81.0,,,,,,,161207.0,18.0,816664.0,102.0,,,,,60000.0,1.0,172607.0,33.0,,,,,,,,,,,114335.0,28.0,3461798.0,4845.0,,,,,,,,,,,,,,,,,,,,,,
147,Nouvelle-Calédonie,158022342.0,63808.581999999944,178088345.0,95481.74300000003,180993523.0,100345.14049999998,186402003.0,68287.78099999993,169457124.0,151275.0,183109389.0,199926.0,242675048.0,259970.0,207078027.0,711896.0,228683059.0,416392.0,229578061.0,243599.0,280062457.0,503094.0,244211406.0,279217.0,357981246.0,268384.0,359815996.0,267074.0,461194910.0,172434.0,286503398.0,152502.0,377881343.0,284462.0,264847361.0,115314.0,338127553.0,121075.0,450523439.0,166966.0,729144417.0,651350.0,784523322.0,187168.0,967989626.0,304736.0,1078943917.0,553985.0,451568270.0,2061637.0,136837330.0,143362.0,222934860.0,182858.0,123103558.0,112235.0,112167524.0,115009.0,140596780.0,339657.0
148,Océanie Américaine,,,,,,,,,,,,,,,,,,,,,,,,,,,,,,,,,,,,,,,,,,,,,,,67406493.0,269782.0,42272280.0,192641.0,127557870.0,456985.0,24201460.0,35164.0,6392000.0,5003.0,9483560.0,40894.0,18985810.0,76263.0
149,Océanie Australienne,,,,,,,,,,,,,,,,,,,,,,,,,,,,,,,,,,,,,,,,,,,,,,,,,,,2050000.0,9.0,2050000.0,9.0,,,,,,
150,Océanie Néo-Zélandaise,,,,,,,,,,,,,,,,,,,,,,,,,,,,,,,,,,,,,,,,,,,,,19744078.0,6032.0,11102229.0,2802.0,23023440.0,19017.0,7349646.0,7429.0,34868250.0,7583.0,21299530.0,13737.0,14682840.0,6444.0,22495220.0,18260.0
151,Papouasie-Nouvelle-Guinée,,,21677354.0,718.0,427897.0,79.0,26281.0,1.0,,,,,32976.0,2.0,30000.0,1.0,,,162392.0,12.0,,,,,438350.0,20.0,,,19093.0,52.0,425856.0,13907.0,1471045.0,15.0,,,,,,,,,11500000.0,7000.0,,,19040.0,18.0,,,20000.0,4.0,,,345000.0,1500.0,690000.0,3000.0,,
152,Pitcairn,,,,,,,,,,,,,,,,,,,,,,,,,,,1076014.0,3475.0,5237816.0,14070.0,9096370.0,27629.0,4952915.0,38866.0,,,,,,,,,,,,,,,,,,,,,,,,,,
153,Polynésie Française,,,,,,,,,,,,,,,,,,,,,,,,,,,,,,,,,,,,,,,,,,,,,,,909147816.0,16516.0,63290.0,40.0,,,,,699000.0,201.0,,,300000.0,800.0
154,Samoa Américaines,,,5221709.0,36298.0,10403804.0,58760.0,35226104.0,98318.0,,,7385075.0,38341.0,6970489.0,48403.0,38863899.0,173670.0,5740949.0,41486.0,7095436.0,35723.0,20956692.0,88706.0,3073916.0,15332.0,30909220.0,133544.0,29306793.0,151813.0,11225451.0,51088.0,21726497.0,120613.0,5737420.0,30391.0,1169730.0,10960.0,10138353.0,80536.0,901550.0,1183.0,3554587.0,39299.0,136243302.0,443444.0,137340899.0,494018.0,13737715.0,58997.0,,,,,,,,,,,,
155,Samoa Occidentales,1085900.0,9.0,,,,,2012694.0,406.0,1002202.0,185.0,398625.0,165.0,1713739.0,3589.0,4098623.0,694.0,269610.0,94.0,172321.0,463.0,685390.0,162.0,301552.0,150.0,,,1796230.0,9905.0,2215037.0,8296.0,12890323.0,67234.0,4330379.0,15421.0,128224798.0,4107.0,2139561.0,8884.0,1227014.0,9882.0,3089730.0,6323.0,105251549.0,385403.0,119629.0,573.0,634123.0,0.0,7687880.0,33300.0,16354800.0,68212.0,6396521.0,14367.0,25257240.0,139359.0,600000.0,105.0,12377100.0,58938.0
156,Tonga,22478076.0,17802.2,171937.0,16.0,810119.0,293.0,5701822.0,2517.277,1125036.0,260.0,4945451.0,296.0,6528306.0,455.0,4913331.0,714.0,1243914.0,62.0,1073018.0,30.0,860616.0,132.0,1902893.0,688.0,1759023.0,158.0,4489861.0,252057.0,5160403.0,315015.0,11678714.0,735610.0,7243942.0,422914.0,719317.0,249.0,1195015.0,162.0,2899138.0,48.0,887853.0,196.0,,,,,,,23080.0,12.0,15324350.0,24830.0,,,570000.0,480.0,,,,
157,Vanuatu,12748661.0,3919.501,13494493.0,7784.498999999999,18847514.0,4744.500999999997,39354545.0,8756.434000000001,48779632.0,9315.0,37045563.0,9643.0,36334258.0,953287.0,16210086.0,6576.0,132515736.0,1055253.0,937200.0,47.0,774100.0,1.0,2221622.0,192.0,2221635.0,492.0,1725053.0,54.0,16190000.0,1800.0,1185900.0,1.0,966909.0,1.0,4830300.0,2.0,,,13595.0,1.0,1365060.0,1800.0,3723491.0,185.0,275440.0,318.0,705756.0,135.0,5109700.0,19311.0,1722660.0,2161.0,13299740.0,6460.0,6699800.0,2332.0,297720.0,156.0,280360.0,178.0
158,Wallis et Futuna,51257388.0,1610.4170000000004,11466449.0,1849.908,34813543.0,2571.609999999999,58731184.0,11161.900000000001,56228219.0,5906.0,63481684.0,6016.0,65931898.0,469788.0,45060309.0,836856.0,46864205.0,1607570.0,57486455.0,1027744.0,43000940.0,887507.0,47708004.0,436701.0,64711068.0,140110.0,47966370.0,6515.0,79078105.0,20876.0,70479979.0,17145.0,52218536.0,6605.0,44886439.0,6064.0,46455879.0,7471.0,44936059.0,7156.0,41188361.0,7495.0,11889010.0,6633.0,14409297.0,13881.0,14113244.0,5937.0,28139010.0,17499.0,32176830.0,25662.0,19081790.0,8865.0,9361380.0,3212.0,13852250.0,6015.0,80431860.0,257917.0
159,Avitaillement et soutage,,,,,,,,,,,,,,,,,,,,,,,,,,,,,,,,,,,,,,,,,,,,,,,,,,,,,,,,,,,344500.0,1495.0
160,Pays non déterminés,125282854.0,589937.5789999998,334183363.0,987488.4730000002,174303811.0,454100.0809999998,65843780.0,218663.41600000006,,,,,,,,,,,,,,,,,,,,,,,,,,,,,,,,,,,,,,,50650430.0,6910.0,196545830.0,2341.0,,,,,3784880.0,245.0,29000.0,736.0,29000.0,509.0
161,Pays non déterminés et avitaillement comptoirs de vente - Pays tiers,104926218.0,18712.59700000002,52104135.0,11461.024000000041,58727459.0,11738.75700000002,80636796.0,14690.308,86889.0,737.0,,,,,,,53869739.0,2424.0,,,,,,,,,,,,,,,,,,,,,,,,,,,641178.0,228.0,,,,,,,,,,,,,,
162,Pays non déterminés et avitaillement comptoirs de vente Union Européenne,,,,,,,,,2807348.0,387.0,262526.0,97.0,,,,,,,,,,,,,,,,,,,,,,,,,,,,,,,,,,,,,,,,,,,,,,,,
163,,13231653808.0,20734299.152900048,12067672056.0,23149408.57750002,7424583731.0,22882815.457500134,14249366039.0,29013541.233000044,14899212059.0,25247691.0,16150837666.0,24627588.0,18797842312.0,27417917.0,14101741745.0,25770489.0,15305555369.0,23815178.0,13592983721.0,25104657.0,12872746111.0,27160431.0,14384816255.0,24788993.0,13868311903.0,25474858.0,12511169072.0,19195739.0,16189889544.0,17668829.0,16719409615.0,20403503.0,18651351035.0,22637354.0,20165265729.0,21988508.0,17735803174.0,20546359.0,15811967178.0,20335233.0,21074525984.0,18360320.0,23392591702.0,15956894.0,25949734492.0,16398478.0,25838374585.0,13030540.0,20159752877.0,10784832.0,20361489788.0,11945405.0,18747775037.0,9074204.0,15455909748.0,10860597.0,16181693478.0,10445400.0,11272244366.0,8723954.0
