,Produit,2022,2021,2020,2019,2018,2017,2016,2015,2014,2013,2012,2011,2010,2009,2008,2007,2006,2005,2004,2003,2002,2001,2000,1999,1998,1997,1996,1995,1994,1993
1,01 Animaux vivants,110000.0,300000.0,210000.0,530000.0,430000.0,90000.0,20000.0,,,,,,170000.0,,29833.0,22500.0,,,,,,,,,,,,,410000.0,272710.0
2,02 Viandes et abats comestibles,955833.0,1340957.0,596.0,,18297498.0,1590.0,2029.0,3860.0,87.0,,,1000.0,1193.0,,3099456.0,,741120.0,1451466.0,572885.0,,,8003435.0,702694.0,,,203360.0,2030940.0,,586570.0,
3,"03 Poissons et crustacés, mollusques et autres invertébrés aquatiques",2200467161.0,1779817874.0,853349520.0,1821981683.0,1511062764.0,1342850529.0,1285367264.0,1589284522.0,1241322864.0,1099527523.0,1583192153.0,850796600.0,674349066.0,535318664.0,275975075.0,487744742.0,415714392.0,358110930.0,395331865.0,656138997.0,1138190709.0,1458229194.0,811566314.0,343749935.0,354417695.0,400566761.0,53466526.0,66444300.0,73888442.0,76914891.0
4,04 Lait et produits de laiterie; oeufs d'oiseaux; miel naturel; produits comestibles d'origine animale,3029000.0,127073.0,554200.0,15437.0,59665.0,,2618100.0,69192.0,1652.0,7120.0,103974.0,591259.0,257266.0,4257684.0,12725.0,117519.0,23701432.0,,703600.0,989453.0,2716200.0,32032.0,265822.0,,,2223650.0,19840.0,,772840.0,5112080.0
5,05 Autres produits d'origine animale,240686627.0,189687349.0,190078727.0,259279237.0,230616639.0,248811178.0,213680002.0,338301925.0,278782113.0,384066913.0,271493777.0,299775323.0,256418907.0,215895862.0,458097520.0,368162147.0,451172150.0,396955147.0,238993250.0,289344759.0,200933017.0,161640380.0,212926569.0,219586754.0,151415372.0,323904490.0,216707910.0,195593079.0,277018518.0,229587032.0
6,06 Plantes vivantes et produits de la floriculture,2690614.0,4214008.0,4056682.0,4592358.0,8642183.0,5148359.0,3804614.0,4620307.0,4069285.0,5521487.0,1488308.0,6043094.0,4909744.0,5044406.0,4472629.0,4746976.0,4949016.0,2168067.0,2149242.0,7827426.0,26693043.0,6381665.0,16341358.0,12330932.0,15211238.0,17778776.0,23577168.0,19490966.0,17262394.0,10934214.0
7,"07 Légumes, plantes, racines et tubercules alimentaires",43999.0,550901.0,43400.0,39080.0,66148.0,,,,5978.0,1193.0,1769.0,,50000.0,,,,1618752.0,,14257.0,,551510.0,1070250.0,2753770.0,1132589.0,,14470.0,37700.0,27000.0,7520.0,14410.0
8,"08 Fruits comestibles, écorces d'agrumes ou de melons",36944.0,249066.0,77445.0,95597.0,171667.0,1541186.0,21000.0,500.0,18792.0,,34540.0,,4200.0,65000.0,334165.0,,506160.0,19504.0,4645730.0,4401861.0,4669216.0,981009.0,1389015.0,1975395.0,759440.0,19557130.0,3928540.0,771670.0,1212890.0,990266.0
9,"09 Café, thé, maté et épices",551600233.0,556736407.0,381810943.0,794638448.0,668662426.0,623913610.0,467606321.0,346663291.0,372904430.0,321162437.0,304204217.0,220215717.0,231043058.0,200486749.0,198798820.0,235986770.0,184071622.0,204380451.0,262162512.0,354090375.0,259947209.0,131902752.0,142070817.0,132212391.0,89760900.0,112540856.0,83076300.0,127650517.0,87309590.0,116438528.0
10,10 Céréales,,,,23439827.0,,,8001.0,,,,,,50000.0,,,897240.0,15122.0,,16784807.0,,,,,9940.0,,,,,779770.0,10500.0
11,11 Produits de la minoterie; malt; amidons et fécules; insulines; gluten de froment,,4226.0,34174.0,540.0,61934.0,418.0,367227.0,380725.0,,,801152.0,,870582.0,759074.0,412500.0,1021980.0,4010496.0,,218374.0,,192449.0,439598.0,,57400.0,,,410.0,,26000.0,6000.0
12,"12 Graines et fruits oléagineux; graines, semences et fruits divers; plantes industrielles ou médicinales; pailles et fourrages",7866695.0,6855512.0,7450780.0,7423209.0,8296392.0,15071119.0,20961727.0,20764263.0,14200241.0,17425016.0,8919361.0,10058219.0,19567667.0,17429176.0,15661224.0,26520955.0,28222983.0,33697626.0,15886993.0,2678815.0,6528376.0,2281580.0,1121853.0,1163888.0,1403600.0,883610.0,,900000.0,360000.0,880810.0
13,"13 Gommes, résines et autres sucs et extraits végétaux",10687904.0,38086878.0,22870519.0,21566914.0,23620892.0,2061434.0,,2104409.0,59736.0,,24756.0,975483.0,3238770.0,1165766.0,17123931.0,48716123.0,3395464.0,1348925.0,24135000.0,27229852.0,19045488.0,12715900.0,1920000.0,5070.0,,,,,,110000.0
14,14 Matières à tresser et autres produits d'origine végétale,,233531.0,989500.0,520610.0,626193.0,235136.0,303901.0,1099168.0,394093.0,225170.0,2500.0,406790.0,901500.0,172000.0,1879644.0,351500.0,4025800.0,2107500.0,7347692.0,2606600.0,57000.0,170.0,94500.0,100000.0,,20000.0,,50000.0,50950.0,190240.0
15,15 Graisses et huiles animales ou végétales; produits de leurs dissociations; graisses alimentaires élaborées; cires d'origine animale ou végétale,791758228.0,646497973.0,467135313.0,495759187.0,587452566.0,789902734.0,866899504.0,745266972.0,492168507.0,434750729.0,718964509.0,739675968.0,402601629.0,265226001.0,486711362.0,389568722.0,282076631.0,306452345.0,305553494.0,231157786.0,236672420.0,298871764.0,259611393.0,324710336.0,154073733.0,394132008.0,410667715.0,271526517.0,375357240.0,177745085.0
16,"16 Préparations de viandes, de poissons, de crustacés et de mollusques ou d'autres invertébrés aquatiques",145445.0,122670.0,52343.0,125828.0,429423.0,18021688.0,53425.0,,5790103.0,38350.0,22662.0,26714.0,79645.0,,1280532.0,28698.0,9256.0,267568.0,138875.0,391984.0,617687.0,520940.0,,,,,7916000.0,16616280.0,13351760.0,23996050.0
17,17 Sucres et sucreries,4079502.0,220476.0,176474.0,746193.0,429620.0,450150.0,307080.0,186511.0,485717.0,2289750.0,1075133.0,,270317.0,,25950.0,355237.0,728660.0,2267949.0,2334889.0,2557778.0,601843.0,49400.0,38405.0,41770.0,,,,2250.0,352750.0,10500.0
18,18 Cacao et ses préparations,1923040.0,1083670.0,1339476.0,4215779.0,4593151.0,4519367.0,4439429.0,4896347.0,4071159.0,4977175.0,3809955.0,199406.0,431874.0,871490.0,675000.0,638857.0,984033.0,1196568.0,2289228.0,3150049.0,3370446.0,1849774.0,3153823.0,3003657.0,1489100.0,798600.0,1974420.0,298800.0,342070.0,5860.0
19,"19 Préparations à base de céréales, de farines, de fécules ou de lait; pâtisseries",2777641.0,759087.0,1439660.0,3877673.0,3697530.0,4293886.0,3373659.0,3475345.0,3283667.0,5038566.0,4001483.0,2353619.0,732426.0,332206.0,857158.0,576212.0,530435.0,563615.0,2020244.0,1075091.0,1473467.0,577565.0,1266329.0,1390551.0,168720.0,1409070.0,2346050.0,55680.0,598300.0,3920.0
20,"20 Préparation de légumes, de fruits ou d'autres parties de plantes",311659773.0,491521655.0,540298616.0,646583329.0,697622680.0,600272926.0,664986215.0,675515033.0,551875527.0,523404308.0,650638707.0,791689520.0,754412620.0,790594460.0,613129038.0,762378052.0,1173442501.0,1437462029.0,1320966376.0,947674707.0,964279825.0,862379375.0,373757366.0,350129646.0,272652920.0,73190550.0,22586740.0,2318950.0,3319380.0,8574850.0
21,21 Préparations alimentaires diverses,13884993.0,150875.0,1003806.0,6279971.0,2026361.0,1770985.0,3988548.0,3419058.0,2870921.0,6019003.0,1874762.0,3027373.0,4827912.0,8101626.0,6202508.0,10928716.0,11944992.0,26299786.0,8891398.0,3822847.0,1573178.0,8068307.0,5008236.0,3064198.0,6043750.0,2773550.0,7770680.0,1106390.0,9801090.0,876050.0
22,"22 Boissons, liquides alcooliques et vinaigres",69957688.0,45646548.0,31038494.0,63103781.0,69514227.0,77055841.0,92774504.0,95481697.0,100774654.0,166906902.0,89750078.0,91990645.0,108741576.0,92174267.0,125766793.0,160528322.0,218869274.0,206508830.0,287501352.0,87747553.0,81092249.0,74663632.0,42218558.0,28899668.0,15704130.0,26387340.0,32396760.0,37247450.0,20518920.0,22472065.0
23,23 Résidus et déchets des industries alimentaires; aliments préparés pour animaux,255460.0,7452493.0,,6453092.0,2667017.0,2160858.0,3635825.0,9689860.0,7697163.0,4402354.0,5478064.0,,,2804693.0,819884.0,722786.0,2209851.0,2095728.0,51250.0,2898039.0,5313628.0,1093307.0,48829803.0,250000.0,1047320.0,386150.0,374170.0,4565980.0,4274290.0,4114950.0
24,24 Tabacs et succédanés de tabac fabriqués,,,143198.0,,10000.0,115067.0,37068.0,81601.0,47144.0,56257.0,75481.0,,,,,,202902.0,,101193.0,899500.0,104449.0,542889.0,8621263.0,1021539.0,,,,464600.0,,
25,"25 Sel, soufre, terres et pierres, plâtres, chaux et ciment",4747166.0,4276730.0,2289485.0,4288623.0,4632305.0,18878173.0,2955343.0,1295084.0,2952636.0,1188693.0,1196245.0,1398644.0,2368878.0,9544038.0,5803648.0,13105613.0,7963930.0,1304641.0,833703.0,371009.0,,2000.0,28300480.0,,33910.0,103250.0,2710.0,10000.0,5700.0,10000.0
26,"26 Minerais, scories et cendres",,,,,,,,,861.0,,,,,,,,,10000.0,,,,,,,,,,,,21190.0
27,"27 Combustibles minéraux, huiles minérales et produits de leur distillation; matières bitumineuses; cires minérales",4954020.0,8212458.0,18247136.0,4412441.0,2167796.0,5905930.0,3083630.0,705038.0,1079620.0,2470698.0,1380027.0,4813194.0,5268880.0,7226349.0,11013007.0,8650753.0,4408710.0,1611965.0,611499.0,3402982.0,1364967.0,1643682.0,406847.0,84480.0,680990.0,1239070.0,907890.0,6500000.0,33600.0,1121890.0
28,"28 Produits chimiques inorganiques; composés inorganiques ou organiques de métaux précieux, d'éléments radioactifs, de métaux des terres rares et d'isotopes",2173498.0,4599864.0,901437.0,2192752.0,2045870.0,757485.0,358100.0,659430.0,463260.0,380128.0,,3353489.0,3055470.0,859487.0,336038.0,710488.0,194508.0,865740.0,4321114.0,1191917.0,266728.0,3000.0,216680.0,43770.0,,,313490.0,576580.0,,
29,29 Produits chimiques organiques,1206.0,68751.0,69137.0,99.0,1048.0,,6025.0,4405.0,2687.0,196515.0,54689.0,129877.0,69001.0,31883.0,,21600.0,27451.0,173998.0,33193.0,,2000.0,179725.0,51030.0,250517.0,,,275260.0,200000.0,216760.0,41770.0
30,30 Produits pharmaceutiques,13940992.0,15749573.0,19548427.0,38973688.0,31691721.0,32916581.0,39672615.0,26362169.0,20245399.0,1918204.0,4445438.0,4103365.0,4175779.0,1886724.0,358843.0,3348474.0,6361378.0,1306643.0,8756300.0,23079421.0,3701871.0,10286669.0,283945.0,7915368.0,2326800.0,3426870.0,156060.0,1735840.0,20465010.0,1440090.0
31,31 Engrais,,,,3580.0,1193.0,,,,,7550.0,11635.0,,,,,,61841.0,,,,,,,,,,,,,
32,32 Extraits tannants ou tinctoriaux et leurs derives; pigments et autres matières colorantes; peintures et vernis; mastics; encres,1109980.0,975323.0,471762.0,537093.0,1986912.0,1158179.0,824267.0,872280.0,1839276.0,1212927.0,645031.0,1112440.0,1040500.0,783654.0,1399650.0,2310741.0,476888.0,476341.0,570737.0,2725302.0,427512.0,568001.0,261930.0,41668.0,123950.0,299390.0,277100.0,527530.0,731330.0,1530690.0
33,"33 Huiles essentielles et résinoïdes, produits de parfumerie ou de toilette préparés et préparations cosmétiques",265189450.0,288153756.0,301372149.0,382527291.0,403839975.0,396636489.0,338024949.0,354603782.0,268410322.0,231742163.0,247555393.0,276549990.0,225068019.0,168645784.0,309308745.0,280341579.0,248176939.0,239973247.0,235173523.0,199078472.0,258475665.0,177342635.0,139523433.0,157056236.0,141100670.0,117068230.0,136696920.0,192802550.0,175838750.0,130721250.0
34,34 Savons; agents de surface organiques; préparations pour lessives; cires; bougies; produits d'entretien; pâtes à modeler; cires pour l'art dentaire,5980805.0,7362535.0,7754404.0,7945352.0,7452242.0,11145819.0,7306998.0,10851066.0,4497512.0,7945164.0,3990360.0,2736458.0,3662928.0,2387919.0,2919703.0,2535698.0,7250728.0,4319351.0,2823620.0,6568065.0,3610816.0,3935416.0,4383272.0,5879886.0,2174950.0,4814140.0,4995360.0,5570810.0,6409490.0,3106260.0
35,35 Matières abluminoïdes; produits à base d'amidons ou de fécules modifiés; colles; enzymes,12286.0,91173.0,40839.0,24490.0,39020.0,38762.0,10539.0,18772.0,38501.0,519888.0,5100.0,22046.0,51893.0,4387.0,1200.0,,114368.0,2095.0,10052.0,490.0,,,,30741.0,,7900.0,28260.0,,,23850.0
36,"36 Poudres, explosifs; articles de pyrotechnie; allumettes; alliages pyrophoriques; matières inflammables",,72828.0,5164.0,15492.0,73334.0,,52216.0,20170.0,,74410.0,10751.0,4369.0,,,,,30650.0,,10000.0,50000.0,,111672.0,,,,283100.0,,,,
37,37 Produits photographiques ou cinématographiques,,,,28415.0,,,2341888.0,317303.0,201580.0,,289070.0,15752426.0,40850.0,747798.0,21878382.0,38605.0,384995.0,3198456.0,3282121.0,10811745.0,5776995.0,6448804.0,6929377.0,5815830.0,6545110.0,7140200.0,6352560.0,5631770.0,5850220.0,5460620.0
38,38 Produits divers des industries chimiques,10175519.0,24678999.0,2819344.0,583700.0,1327429.0,3937911.0,14535580.0,15738251.0,29758815.0,14094754.0,22190284.0,5557630.0,4762274.0,2635000.0,473430.0,1366811.0,2933274.0,1728085.0,1073722.0,2315072.0,6526685.0,877395.0,110099.0,915689.0,566070.0,142920.0,9925820.0,347600.0,100000.0,1981550.0
39,39 Matières plastiques et ouvrages en ces matières,75769755.0,43389148.0,49647121.0,46306798.0,64419994.0,53700681.0,31844977.0,40536310.0,23687800.0,23899110.0,23181003.0,40904203.0,38295305.0,32232962.0,35035927.0,31421046.0,37149178.0,39124262.0,40502196.0,41544482.0,21487546.0,27336892.0,17474448.0,13400361.0,13458020.0,23214510.0,16316280.0,9128750.0,10984370.0,44604970.0
40,40 Caoutchouc et ouvrages en caoutchouc,1905136.0,1879558.0,699649.0,1203876.0,2169292.0,3039926.0,6274564.0,6911571.0,4615423.0,5947474.0,4121104.0,3781163.0,2636717.0,1308034.0,11020479.0,3522207.0,1468237.0,4716681.0,1197570.0,2420076.0,4635669.0,1059647.0,131241.0,726851.0,357130.0,1837440.0,4670000.0,448546.0,196594.0,1723990.0
41,41 Peaux (autres que les pelleteries) et cuirs,34029.0,,,,,,,,54103.0,108071.0,65307.0,69822.0,23940.0,17000.0,12000.0,8500.0,150295.0,,,7118.0,942110.0,,,,,,,,,
42,"42 Ouvrages en cuir; articles de bourrellerie ou de sellerie; articles de voyage, sacs à main et contenants similaires; ouvrages en boyaux",3850459.0,2167688.0,2073070.0,6168175.0,6446457.0,6727801.0,7917221.0,7538851.0,5314550.0,8282590.0,2262459.0,1503671.0,2114756.0,1357375.0,3904786.0,2591704.0,2572861.0,1408632.0,776774.0,1626621.0,1584234.0,1695485.0,1420867.0,3395376.0,236640.0,242670.0,244680.0,23090.0,391350.0,125360.0
43,"44 Bois, charbon de bois et ouvrages en bois",22689594.0,13534801.0,28350877.0,26620619.0,21665457.0,26359029.0,17854904.0,18177039.0,19912958.0,26148791.0,9373757.0,9108871.0,6606451.0,7446615.0,14586525.0,19788754.0,9949896.0,14886660.0,6755674.0,5381111.0,3690246.0,7087972.0,17256836.0,12309208.0,9198845.0,8850850.0,2683852.0,3106171.0,7233870.0,866740.0
44,45 Liège et ouvrages en liège,66270.0,60500.0,170610.0,383940.0,18052.0,,,,,74807.0,,28837.0,82686.0,10140.0,41340.0,,331112.0,,2700.0,,,,,30681.0,,,78050.0,,,
45,46 Ouvrages de sparterie ou de vannerie,1262353.0,409775.0,700838.0,1658329.0,1079034.0,996440.0,1294392.0,2409739.0,1207210.0,665897.0,1082672.0,875390.0,187836.0,52700.0,1039313.0,138900.0,54540.0,660165.0,1579723.0,1484347.0,2899751.0,1561295.0,758523.0,995474.0,2278070.0,1114890.0,1376800.0,39100.0,803810.0,343040.0
46,47 Pâtes de bois ou d'autres matières cellulosiques; déchets et rébus de papier ou de carton,15100000.0,23200000.0,17900000.0,22300000.0,22800000.0,19700000.0,17206992.0,17402331.0,14400000.0,15370000.0,9200000.0,9300000.0,10200000.0,6400000.0,4000000.0,9298755.0,17291925.0,3292704.0,12232563.0,10816231.0,23966733.0,5708317.0,110000.0,,,,,,,
47,"48 Papiers et cartons; ouvrages en pâte de cellulose, en papier et en carton",3709291.0,4885111.0,3888825.0,3903598.0,7608983.0,4434104.0,3590817.0,5622892.0,1885151.0,7658273.0,5377701.0,5342259.0,3855057.0,5929998.0,6282033.0,7833456.0,8349914.0,8029384.0,8134141.0,9733913.0,2424774.0,1452424.0,2150560.0,10126431.0,2959920.0,3964420.0,190740.0,894920.0,170410.0,683040.0
48,"49 Produits de l'édition, de la presse ou des autres industries graphiques; textes manuscrits ou dactylographiés et plans",191602143.0,3484858.0,96805397.0,55790114.0,231378472.0,25559704.0,21785008.0,81189383.0,16018962.0,24179969.0,48472197.0,23371505.0,39032665.0,24134618.0,21578511.0,27949379.0,22211101.0,21042622.0,26624024.0,22069741.0,19571322.0,12880117.0,13798343.0,20303627.0,20299730.0,16751360.0,7309011.0,8218859.0,12577832.0,5283102.0
49,50 Soies,,,,,,,3980.0,,,32500.0,42999.0,,3104.0,1300.0,2600.0,,6961.0,2810.0,,,,,,3160.0,,,,,,
50,52 Coton,126204.0,278720.0,108500.0,264855.0,811624.0,404378.0,208800.0,2000.0,104689.0,344861.0,1317428.0,6051.0,232670.0,4570086.0,1572851.0,819090.0,404360.0,574117.0,520186.0,3742948.0,2675000.0,691627.0,1515704.0,667318.0,,1029780.0,5454790.0,636740.0,234530.0,198650.0
51,53 Autres fibres textiles végétales; fils de papier et tissus de fils de papier,,,,,,,,,,135790.0,,3390.0,,,,82672.0,,,236447.0,,,,,23500.0,,336110.0,,,,
52,54 Filaments synthétiques ou artificiels; lames et formes similaires en matières textiles synthétiques ou artificielles,5641.0,1112.0,6929.0,7492.0,219125.0,292485.0,59220.0,6641.0,100417.0,31689.0,225704.0,60078.0,5570.0,304504.0,14336.0,11850.0,424013.0,892106.0,1163442.0,288043.0,552902.0,137802.0,15000.0,758138.0,,3740.0,,,,
53,55 Fibres synthétiques ou artificielles discontinues,1387.0,75600.0,164044.0,36540.0,189794.0,505639.0,2371076.0,130705.0,175212.0,103600.0,22254.0,15806.0,661039.0,350611.0,1252355.0,3425732.0,3853444.0,6306593.0,4577663.0,7665810.0,6801547.0,8365626.0,7593526.0,14184387.0,21706020.0,16400240.0,2830500.0,856140.0,,
54,"56 Ouates, feutres et non-tissés; fils spéciaux; ficelles, cordes et cordages; articles de corderie",1156499.0,359940.0,1612461.0,2203974.0,1113856.0,701766.0,407896.0,370311.0,277733.0,508105.0,499380.0,212845.0,1102331.0,231632.0,3068106.0,30484.0,946326.0,142814.0,126506.0,1542234.0,39004.0,,1045.0,85885.0,95000.0,176520.0,120590.0,,211940.0,3753170.0
55,57 Tapis et autres revêtements de sol en matières textiles,,303575.0,3190.0,168383.0,,778790.0,3034.0,1275419.0,6607.0,1283774.0,1024679.0,738056.0,34848.0,117181.0,97480.0,171240.0,952.0,98000.0,,115024.0,,,,37710.0,,3816360.0,3872500.0,3636360.0,,
56,58 Tissus spéciaux; surfaces textiles touffetées; dentelles; tapisseries; passementeries; broderies,,16000.0,5051.0,14440.0,192361.0,212749.0,17150.0,34931.0,41397.0,94710.0,22800.0,29560.0,8800.0,208038.0,,117002.0,197021.0,105771.0,144371.0,213605.0,,,,95985.0,,,,104210.0,,
57,"59 Tissus imprégnés, enduits, recouverts ou stratifiés; articles techniques en matières textiles",37600.0,76666.0,36476.0,69025.0,,119826.0,318812.0,131320.0,71642.0,303968.0,305500.0,,1310.0,,,1843.0,2700.0,,9334.0,80825.0,129115.0,18192.0,,55104.0,,78180.0,419580.0,,,
58,60 Etoffes de bonneterie,1482330.0,841920.0,415928.0,1257666.0,892990.0,89760.0,,,,4776.0,,,,,,,,,,,,,,,,,,,,
59,"61 Vêtements et accessoires du vêtement, en bonneterie",25323609.0,11542012.0,10228371.0,21534817.0,25245923.0,23231179.0,21995511.0,25795631.0,25753052.0,21612401.0,15019489.0,16597295.0,10443728.0,9341546.0,29106841.0,10426697.0,11331816.0,13865463.0,9931535.0,24348643.0,17835096.0,9735174.0,12363645.0,10503181.0,5279270.0,5765200.0,4725340.0,1764280.0,1146200.0,870110.0
60,"62 Vêtements et accessoires du vêtement, autres qu'en bonneterie",45077693.0,44985726.0,31381372.0,57297390.0,60267962.0,64724309.0,59754362.0,40777396.0,40314776.0,44378668.0,36783433.0,26069672.0,26798840.0,40847287.0,84592445.0,55676050.0,50588014.0,38964999.0,61189983.0,50366333.0,34143766.0,15628990.0,16332197.0,12333916.0,22170460.0,17113350.0,23135220.0,13059890.0,14058536.0,8377030.0
61,63 Autres articles textiles confectionnés; assortiments; friperies et chiffons,10442512.0,14028336.0,11221475.0,41456166.0,14886778.0,18313751.0,29550894.0,10347744.0,6073387.0,22860887.0,11955637.0,4020515.0,5089866.0,6433272.0,4088936.0,2537199.0,9711229.0,6693475.0,4651800.0,5039786.0,6818097.0,1736930.0,1234397.0,9549815.0,407230.0,1568470.0,1337280.0,1574460.0,5412020.0,133420.0
62,"64 Chaussures, guêtres et articles analogues; parties de ces objets",1235271.0,585496.0,882555.0,1324410.0,1669186.0,1750733.0,1948886.0,3831728.0,1987989.0,2035940.0,4122007.0,2870812.0,2560468.0,2734307.0,520186.0,419337.0,337629.0,2795884.0,827860.0,490826.0,760239.0,811654.0,379092.0,253919.0,255500.0,214180.0,763560.0,1041150.0,2260370.0,871920.0
63,65 Coiffures et parties de coiffures,2208193.0,816382.0,987687.0,2836832.0,1941657.0,3306481.0,801178.0,1358413.0,705450.0,1286176.0,284211.0,1190874.0,850108.0,1722672.0,1270347.0,801109.0,536401.0,847204.0,853851.0,1604137.0,1623772.0,830927.0,940739.0,271600.0,104380.0,39780.0,427000.0,,15190.0,24900.0
64,"66 Parapluies, ombrelles, parasols, cannes, cannes-sièges, fouets, cravaches et leurs parties",58917.0,34312.0,13999.0,122298.0,20924.0,146838.0,4576.0,37416.0,67771.0,23011.0,,129507.0,,63745.0,127064.0,71694.0,43144.0,6840.0,109338.0,,28672.0,,31000.0,,,,,,,
65,67 Plumes et duvet apprêtés et articles en plumes ou en duvet; fleurs artificielles; ouvrages en cheveux,198331.0,64057.0,287690.0,456395.0,911613.0,782674.0,892513.0,736709.0,657242.0,748160.0,621795.0,227206.0,80900.0,74600.0,152500.0,144600.0,,1500.0,24800.0,63900.0,21089.0,40000.0,,,,11000.0,,,100000.0,
66,"68 Ouvrages en pierres, plâtre, ciment, amiante, mica et matières analogues",25056967.0,4333888.0,8470442.0,15069567.0,5517303.0,14573440.0,8904998.0,10180371.0,16487602.0,50538723.0,6525307.0,2244869.0,79067.0,280000.0,3687901.0,1316071.0,1831489.0,589302.0,1046092.0,1365407.0,191151.0,1287824.0,2548956.0,557903.0,128320.0,454150.0,82340.0,,178380.0,711940.0
67,69 Produits céramiques,904869.0,1048422.0,1055909.0,3442465.0,3318889.0,2606189.0,3612214.0,1712674.0,2940908.0,2964915.0,298569.0,2214201.0,896767.0,5282045.0,4304745.0,5963582.0,2513892.0,2087321.0,189537.0,1242279.0,672186.0,628563.0,508780.0,953450.0,80060.0,,,793420.0,1802280.0,786149.0
68,70 Verre et ouvrages en verre,1642721.0,3326544.0,1684159.0,3402543.0,8042570.0,4572484.0,3780397.0,4104839.0,4366116.0,5486279.0,9635395.0,2626200.0,2568279.0,6258473.0,2558429.0,1667592.0,1590101.0,832426.0,1652696.0,904604.0,1298413.0,432103.0,239970.0,4496093.0,213330.0,6489900.0,126840.0,2993560.0,2959640.0,222150.0
69,"71 Perles fines ou de culture, pierres gemmes ou similaires, métaux précieux, plaqués ou doublés; bijouterie de fantaisie; monnaies",5419752085.0,5018640273.0,2590508700.0,5117065043.0,7731898230.0,8526432389.0,6848805715.0,7776659734.0,9050997799.0,8565149751.0,7793410198.0,7800248907.0,8098223328.0,8191427242.0,10447377509.0,12655189204.0,12579053978.0,13845972261.0,11984963476.0,10566799319.0,15133780269.0,15302283667.0,21317988804.0,19499447341.0,15479714914.0,15013365762.0,14610045617.0,9869173360.0,12117905722.0,7906145874.0
70,"72 Fonte, fer et acier",16796953.0,15593859.0,14795046.0,13447214.0,18459097.0,20850497.0,21964040.0,19815384.0,17689236.0,11255546.0,104491446.0,95568135.0,96268233.0,11049741.0,7935754.0,6117918.0,10311559.0,3211367.0,1064112.0,417221.0,700026.0,2678369.0,13996923.0,4034214.0,,34000.0,681900.0,183500.0,69240.0,314480.0
71,"73 Ouvrages en fonte, fer ou acier",59554731.0,35278579.0,46834617.0,40222046.0,38847259.0,36937337.0,23974491.0,14467382.0,27154322.0,48822401.0,30505914.0,14746921.0,34951261.0,5255308.0,20777351.0,2804034.0,3284432.0,3443940.0,2609002.0,9303017.0,7010230.0,10686646.0,2881327.0,3244368.0,5590800.0,7686010.0,6223400.0,5687420.0,8227050.0,41799980.0
72,74 Cuivre et ouvrages en cuivre,14076987.0,25233070.0,15921576.0,16676008.0,8350887.0,8388407.0,26821858.0,24921239.0,30648169.0,37107986.0,16292663.0,13810546.0,11515423.0,4135000.0,4215106.0,1583000.0,1094880.0,1327610.0,3450000.0,3118350.0,28936490.0,4075782.0,13313837.0,2894000.0,3180460.0,2659900.0,4002790.0,4169300.0,4954650.0,6080960.0
73,75 Nickel et ouvrages en nickel,,,,,139913.0,,,21530.0,,,,,,,,,,,,,,,,,,,,,,
74,76 Aluminium et ouvrages en aluminium,28640144.0,30094232.0,32852374.0,42773852.0,37769615.0,49527390.0,28955451.0,50777846.0,45498844.0,51129093.0,38081527.0,37029669.0,26148057.0,28537449.0,32732837.0,20013634.0,18764155.0,15521510.0,26762945.0,17350128.0,35537255.0,23772983.0,19611499.0,16764148.0,13537110.0,5743470.0,5866480.0,7192650.0,7565493.0,26565134.0
75,78 Plomb et ouvrages en plomb,34576.0,,16206.0,,178995.0,10495.0,24753.0,,3591.0,,,6864.0,6098.0,69945.0,,21206.0,,,,,,1805000.0,1888173.0,,,,,,,700000.0
76,79 Zinc et ouvrages en zinc,,10322.0,,9034.0,6527.0,,165014.0,152772.0,67387.0,232110.0,154600.0,929149.0,2957095.0,3772000.0,,39954.0,,17549.0,4200.0,58800.0,28449.0,,,,,,,,,
77,80 Etain et ouvrages en étain,658100.0,361300.0,73000.0,209000.0,,7160.0,34758.0,65957.0,140461.0,387756.0,32085.0,255688.0,300000.0,621000.0,866500.0,,,,,,,,,,,,,33550.0,9900.0,35000.0
78,81 Autres métaux communs; cermets; ouvrages en ces matières,,,,,,,,,,,,,,,,,,,,,,,,,,,,,,400000.0
79,"82 Outils et outillage, articles de coutellerie et couverts de table, en métaux communs; parties de ces articles, en métaux communs",15869143.0,5688783.0,5100208.0,5859752.0,20936199.0,20841777.0,1805372.0,4996649.0,5674069.0,7607073.0,3366144.0,3244200.0,50412193.0,6226260.0,69067742.0,4406171.0,15055479.0,5158533.0,5143667.0,13344403.0,26225740.0,19233367.0,8300572.0,4796349.0,2509590.0,3634850.0,5280240.0,5521130.0,3018740.0,62370.0
80,83 Ouvrages divers en métaux communs,814154.0,990780.0,505698.0,1848948.0,540936.0,475929.0,168599.0,806309.0,866211.0,781714.0,2676087.0,1593394.0,851121.0,517307.0,3184054.0,1136985.0,3456924.0,3165459.0,4615177.0,366477.0,779819.0,1039807.0,73698.0,3649991.0,1449970.0,786850.0,1854430.0,731590.0,1630620.0,6664210.0
81,"84 Réacteurs nucléaires, chaudières, machines, appareils et engins mécaniques; parties de ces machines ou appareils",188897865.0,408829628.0,262108232.0,419538365.0,303877442.0,251743824.0,256063645.0,217971640.0,359812137.0,158450980.0,205724008.0,1159898923.0,388986752.0,277214458.0,344321567.0,342388185.0,559410427.0,497420180.0,261239524.0,264770432.0,257640315.0,946697746.0,780697570.0,903504765.0,1095551680.0,790218390.0,1020466158.0,1081941427.0,608672738.0,540050982.0
82,"85 Machines, appareils et matériels électriques et leurs parties; appareils d'enregistrement ou de reproduction du son ou des images; parties et accessoires",182898381.0,165522314.0,149124659.0,170771685.0,114537381.0,169626344.0,114616557.0,162010480.0,170297037.0,105933121.0,86973324.0,68457414.0,104060009.0,126460052.0,86974190.0,59442986.0,113661853.0,61738261.0,131033712.0,76428250.0,112842405.0,128391915.0,98356200.0,171282245.0,244534850.0,217011560.0,345957850.0,374934218.0,370245444.0,262190229.0
83,86 Véhicules et matériel pour voies ferrées ou similaires et leurs parties; appareils mécaniques de signalisation pour voies de communications,1533390.0,10686273.0,18503615.0,449146.0,2536600.0,1384228.0,35294235.0,10023578.0,33528200.0,,,178995.0,8904761.0,8736531.0,11231464.0,370000.0,635426.0,193911.0,388608.0,219330.0,391540.0,26856.0,50000.0,366410.0,298540.0,492000.0,200000.0,40000.0,190000.0,352190.0
84,"87 Voitures automobiles, tracteurs, cycles et autres véhicules terrestres; leurs parties et accessoires",75356436.0,62856074.0,32036265.0,56122866.0,75093210.0,48532613.0,44212165.0,63932345.0,43435314.0,56693985.0,81946948.0,77686370.0,90477327.0,102520754.0,76591411.0,52783923.0,79330603.0,111110574.0,100802136.0,87357924.0,51059987.0,39423415.0,37837016.0,87501262.0,56736680.0,52142200.0,62804710.0,62852230.0,46222800.0,76802425.0
85,88 Navigation aérienne ou spatiale,1999187346.0,1146347760.0,658599818.0,3059329494.0,808387548.0,1343847748.0,1795302192.0,997522517.0,1536228281.0,727603929.0,205569700.0,1158649796.0,244393909.0,796434741.0,1995542079.0,274032974.0,1536057898.0,1868960251.0,1561322968.0,678041110.0,831693823.0,2946558893.0,769044633.0,1884329129.0,762712620.0,1970975920.0,1002254230.0,2002871120.0,930252010.0,813878390.0
86,89 Navigation maritime ou fluviale,106791640.0,637484919.0,200994339.0,148517514.0,760338406.0,988753287.0,5132862073.0,67736219.0,202880636.0,206116097.0,90624225.0,100623353.0,1655929223.0,193692384.0,142513769.0,198772458.0,236422887.0,206329995.0,157203207.0,863045930.0,982165788.0,383108208.0,547295298.0,1261766296.0,894122810.0,392102920.0,137100470.0,636235250.0,515049800.0,297021170.0
87,"90 Instruments et appareils d'optique, de photographie ou cinématographie, de mesure, de contrôle ou de précision; médico-chirurgicaux; parties et accessoires",75260067.0,132130014.0,191560323.0,181942833.0,144086710.0,128780804.0,103910959.0,103620560.0,102748562.0,68650958.0,76104531.0,93719399.0,128727065.0,154685257.0,96536827.0,69062579.0,176212135.0,101532321.0,100589522.0,117985894.0,169818531.0,99136940.0,68133248.0,182840326.0,245549420.0,249200070.0,246258907.0,283233393.0,278225775.0,264279030.0
88,91 Horlogerie,460834.0,5814399.0,509302.0,304007.0,72667.0,1311593.0,1204604.0,528676.0,1849194.0,940331.0,465638.0,1129591.0,1021696.0,2913304.0,508641.0,80104.0,116796.0,667559.0,411474.0,2129886.0,1860699.0,2694590.0,8072480.0,7413939.0,9074320.0,2754570.0,8131860.0,5768350.0,13402520.0,9932670.0
89,92 Instruments de musique; parties et accessoires de ces instruments,880756.0,1702709.0,1006622.0,747542.0,756050.0,458200.0,566110.0,1675979.0,1728957.0,1424730.0,285800.0,1762589.0,1535733.0,328295.0,1262631.0,1361345.0,1627575.0,840228.0,1186745.0,315014.0,1532689.0,194240.0,,1363748.0,76030.0,152270.0,2070000.0,350000.0,1641680.0,370060.0
90,"93 Armes, munitions et leurs parties et accessoires",,,976252.0,,964625.0,100476.0,95464.0,2525655.0,,1379813.0,,239256650.0,35799.0,119330.0,60023.0,71598.0,,512943.0,1849615.0,161004.0,983547.0,308354.0,,40000.0,6136180.0,159090.0,100000.0,13150.0,239990.0,20600.0
91,94 Meubles; appareils d'éclairage; enseignes lumineuses; plaques indicatrices; luminaires et articles similaires; constructions préfabriquées,37195398.0,949380.0,47608060.0,9850429.0,14672321.0,5346992.0,20158244.0,4171016.0,6942976.0,7952771.0,3921422.0,4562217.0,10934445.0,17164064.0,9091216.0,5900184.0,18539607.0,4430374.0,20217869.0,9161796.0,17210730.0,4284115.0,4034048.0,2615435.0,1331980.0,2269580.0,867250.0,1979300.0,2773990.0,8481580.0
92,"95 Jouets, jeux, articles pour divertissement et pour sports; leurs parties et accessoires",8460769.0,15825411.0,3618334.0,12226240.0,3396522.0,8522907.0,16330621.0,7621243.0,5261870.0,12906192.0,2435327.0,3896681.0,4869174.0,2324972.0,1182888.0,1565544.0,2915370.0,3293538.0,2055925.0,5217130.0,4431717.0,6551264.0,17985562.0,3696673.0,3609410.0,1496290.0,2133895.0,1736800.0,1640640.0,877380.0
93,96 Ouvrages divers,7472770.0,3216798.0,4178174.0,9696307.0,6642448.0,10666749.0,7080581.0,8895411.0,7704706.0,8778236.0,6195169.0,7449603.0,7704145.0,11301680.0,12238518.0,15822870.0,11978127.0,16462426.0,14963294.0,17216670.0,11866942.0,9890061.0,6278089.0,71165903.0,3429000.0,20853145.0,20102048.0,63960145.0,49881020.0,100467930.0
94,"97 Objets d'art, de collection ou d'antiquité",37211807.0,22431387.0,16815232.0,23657218.0,29578354.0,40876644.0,30592846.0,27446924.0,56854961.0,8993886.0,3915204.0,13207885.0,31151524.0,72499110.0,25297600.0,7761798.0,8043669.0,7662608.0,12571100.0,8723102.0,8459911.0,126928006.0,22965665.0,6669126.0,13678220.0,6982400.0,160398550.0,39949110.0,61884190.0,14451870.0
95,99 Divers,,20352426.0,3861304.0,,,119330.0,,,,,,,,,1603438.0,,,,,,,,,,,,,,,
96,Grand Total,13231653808.0,12067672056.0,7424583731.0,14249366039.0,14899212059.0,16150837666.0,18797842312.0,14101741745.0,15305555369.0,13592983721.0,12872746111.0,14384816255.0,13868311903.0,12511169072.0,16189889544.0,16719409615.0,18651351035.0,20165265729.0,17735803174.0,15811967178.0,21074525984.0,23392591702.0,25949734492.0,25838374585.0,20159752877.0,20361489788.0,18747775037.0,15455909748.0,16181693478.0,11272244366.0
